id,name,city,zip_code,region,department
"7f7aa51c-8b87-427c-a2f9-418b9823d578","Club Nautique Leonnais","Messanges","40550","France",""
"9a4b2e31-825d-4503-a91a-256dc42e5c1d","Yachting Club Pointe Rouge","13008 Marseille","13008","PACA","13"
"8e8b72c0-8142-40b3-8491-aa48365d9d8b","School Sailing Oceans Guide","13008 Marseille","13008","PACA","13"
"07fb3278-fd23-4c30-93bc-89e823715059","Eau Large De noe","13008 Marseille","13008","PACA","13"
"851086fa-d472-4002-98c6-734bb2d385f2","Base Nautique du Train des Sables","13008 Marseille","13008","PACA","13"
"4d6a38f9-f0dc-42cd-a56c-4ab8eb9538b2","Société nautique de Marseille","13007 Marseille","13007","PACA","13"
"990b9fc1-3b09-4c73-8812-1f6c8b504213","ATSCAF Voile.","13008 Marseille","13008","PACA","13"
"5f5d612c-e0fe-4437-a744-2ce49598976f","Centre Nautique D'Erquy","Lannion","22430","France",""
"967cde51-6f4e-4b07-8613-2459ea19bb7e","Union Nautique Marseillaise","13007 Marseille","13007","PACA","13"
"04127037-348b-4020-9869-609950309e69","Pacific Palissades","13008 Marseille","13008","PACA","13"
"1bc4ad7b-0a80-4d25-bae3-3bc0257ccdbe","Sidereal Time's Club","Port de la Pointe Rouge","13008","PACA","13"
"5f290ee2-b339-46fc-baf0-c16578e7aac5","Ecole de voile et de kayak","France","13016","PACA","13"
"ce8f080b-3da7-44d4-94ba-642757a4436a","Nautical Club Provençal Scientific Research","13008 Marseille","13008","PACA","13"
"bb8dc987-6792-41cf-b99a-d1f0a58c51da","Nautical Club of Ares","Jarnac","33740","France",""
"ca757926-f0b6-4bb4-b36f-0b6260d3ed9b","Veil Impulsion","13016 Marseille","13016","PACA","13"
"dc48698d-d19d-41b4-8a6c-4ffdcdc85df2","Socièté Nautical Corniche","13007 Marseille","13007","PACA","13"
"fa6041a0-79ff-4319-a815-eda97a7374fd","Centre nautique de Ploudalmézeau-Portsall","Lampaul-Plouarzel","29830","France",""
"48d09b0e-ca6e-460d-acee-b36702d15f52","Yacht Club La Croisette","Square de Verdun","06400","PACA","06"
"f37e187e-c9d8-4a7f-834d-56ff06b02286","Cannes Yacht Club","Bd de la Croisette","06400","PACA","06"
"c4baf1a4-1d88-4514-aea1-09755ff475ec","Club de voile Mer et Montagne","06400 Cannes","06400","PACA","06"
"f4c06175-58a2-47d7-a746-5fbbccac97d7","Le Boreale - Les Voiles Oceane - Balade En Mer","Vannes","56000","Bretagne",""
"f0583d29-3db8-40c4-842a-06b37cca7cb4","Club30kite","Grau-du-Roi","30240","France",""
"c1dac798-ba37-4dbe-8309-b94bc636f9a5","Club de voile ASPTT","06400 Cannes","06400","PACA","06"
"00e3da9d-89ee-4a3b-be3e-4d95249749ee","Water Base Batéguier Florence Arthaud","06400 Cannes","06400","PACA","06"
"960b6535-85bd-48b4-b260-53a59ecce04e","Club Nautique de Nice","06300 Nice","06300","PACA","06"
"ab9d08f0-9f64-48bf-937a-f263901f5387","ASPTT Nice Côte d'Azur Voile","06300 Nice","06300","PACA","06"
"875d73e2-5c62-45ba-8a63-00f7a2e85f99","Yacht Club Nice","06300 Nice","06300","PACA","06"
"61bdd963-bf8d-4a72-95f9-3a4d785dcdb8","Club Nautique Pyrénéen","Biarritz","64420","Nouvelle-Aquitaine",""
"03e225a8-ac3a-42fa-a39c-676e7bef0aab","LE CLUB HOUSE","06300 Nice","06300","PACA","06"
"441f7582-68b6-4c91-bcc8-915da4c97af6","Yacht Club des Sablettes","Télégramme","83500","France",""
"a5fbddb0-89d9-4945-ae55-1e3f068f7149","Yacht Club Beaulieu","06310 Beaulieu-sur-Mer","06310","PACA","06"
"d18e6d8a-8ee5-44b5-9df8-39cff6072a7c","Sailing School Company Des Régates D'antibes","06600 Antibes","06600","PACA","06"
"a5b9b452-3547-40c9-aaeb-a4b093283bab","Port de porspaul","Lampaul-Plouarzel","29810","France",""
"a0f774c7-03ec-407f-a894-3b45b61e75a1","ASPTT Nice Côte d'Azur Omnisports","06300 Nice","06300","PACA","06"
"0fac9b6e-89fe-4164-8dc7-9bcfb577b1f3","Ecole De Croisière, Stage De Croisière En Voilier Ecco","06300 Nice","06300","PACA","06"
"046bb59c-183f-47b1-abfc-5a576333f343","Voile École Buissonnière","Saint-Malo","35430","Bretagne",""
"8e6a21be-dc06-439f-b2ce-fcedd4d43cbf","Le NAUTIC","06100 Nice","06100","PACA","06"
"7969cbd0-46ac-4000-9b25-1e247d70f690","ECCO TEAMDEFIS","06300 Nice","06300","PACA","06"
"32be5d02-0ed6-427c-a399-004d3dfcd903","Navy Nautical Club","83000 Toulon","83000","PACA","83"
"bdae5c9f-2d1d-48a6-8e5d-0e88709d6a7d","Centre Nautique Saint-Florent","Saint-Florent","20217","Corse",""
"834a1ca5-36bd-408f-b86f-2ed835ea7801","City Watersports","83400 Hyères","83400","PACA","83"
"adaa6bf7-4373-4d3e-b6fb-7898f521ac81","Club Multicoques d'Hyères","83400 Hyères","83400","PACA","83"
"89e187aa-aafb-476e-9571-bc8c4606f248","Yacht Club de l'Odet","Bénodet","29950","Bretagne",""
"c308682e-0c8e-4c41-af26-d2bf45632317","C.O.Y.C.H. Cercle d'Organisation du Yachting de Compétition Hyèrois","83400 Hyères","83400","PACA","83"
"30ee4e2b-a788-402d-b5bd-57bc254ab5fa","Hyères Windsurf Organisation","83400 Hyères","83400","PACA","83"
"3b813c57-2686-4b47-b633-23ca23e412b6","Funboard center","83400 Hyères","83400","PACA","83"
"c79c9955-6100-4d53-bdd6-9e822ac7d10d","Yacht Club Saint Raphaël","Télégramme","83700","France",""
"553920e4-ffb2-4e5e-9a1f-62e6dfe2068b","Windsurf Kayak Paddle - Algajola Sport Nature","Lumio","20220","France",""
"d3366fe6-3a1f-450e-b9ec-20723fa70de1","International Yacht Club d'Hyères (IYCH)","83400 Hyères","83400","PACA","83"
"b6994627-b317-4457-a3a6-cc21e80e1932","Club de Voile de Bormes les Mimosas","83230 Bormes-les-Mimosas","83230","PACA","83"
"8bccd012-96d6-4a7f-9fae-243d417894c2","Nautical Club of Pradet","83220 Le Pradet","83220","PACA","83"
"6d6b78eb-3042-4c56-aab3-70913d345190","Club Nautique des Salettes","83320 Carqueiranne","83320","PACA","83"
"32730a82-106d-42d4-a033-501498f0f50e","Le Spot Kitecenter & Wingcenter","83400 Hyères","83400","PACA","83"
"ac4f25e9-da46-49b0-8113-5b3b98212fb7","Capo Surf Club","Capo di Feno","20000","France",""
"c70790be-97eb-4108-afc1-dd8c3bda8a50","Yacht Club de Porquerolles","83400 Ile de Porquerolles","83400","PACA","83"
"b96c7fce-8a38-4fee-8ad6-6334987eec03","Yacht Club Londais","83250 La Londe-les-Maures","83250","PACA","83"
"441fbffd-a6f8-4b2e-946f-c5045ff9b945","Espace nautique Hyères","France","83400","PACA","83"
"9d574a3d-de59-49cc-a771-8538995b4732","Base Nautique Marc-Modena","83600 Fréjus","83600","PACA","83"
"33cde038-03e8-4f24-80eb-f943ec7a2d0c","Club Nautique","83600 Fréjus","83600","PACA","83"
"62b9bdff-d350-4438-b429-dff49468a321","Club Nautique Stellien","Picardie","62780","France",""
"229e5b3e-048c-4e8a-a60e-53b876710f82","voile de terrasse / Juanautic","Seignosse","40510","France",""
"479fc31b-f0e9-4c45-b468-16726467f60f","Club Nautique de la Marine de Brest","29200 Brest","29200","Bretagne","29"
"ce6d9c2d-53db-470a-8a73-e777c65af813","Ligue de Bretagne de Voile","29200 Brest","29200","Bretagne","29"
"cdd0c104-e3f4-4f34-80e6-bfd010a70491","Le Spot Nautique Brest","29200 Brest","29200","Bretagne","29"
"f125fed7-e61e-4041-856b-626df8a46e91","Yacht Club de la Rade de Brest","29200 Brest","29200","Bretagne","29"
"00c30e91-63e7-4f0f-a3e1-4853578f6b75","Club Nautique Brestois","29200 Brest","29200","Bretagne","29"
"eb1ad1c2-e8a2-4e00-b8aa-e92d50619a3c","Association Rythmes et loisirs","Les Andelys","27700","France",""
"5209ff42-0477-47ac-813c-400c3dcf0072","Boating in Brittany","29200 Brest","29200","Bretagne","29"
"df60cf89-e600-48f9-b68e-127b330d10b0","Le Spot Nautique (Siège)","29200 Brest","29200","Bretagne","29"
"2334fd40-5613-4e08-b940-88977d600c75","OCSEAGEN CENTRE DE VOILE","Lorient","56570","Bretagne",""
"db15f092-b2a6-48ea-99a6-cea43f4cb155","Société Nautique de Saint Malo Bay (S.N.B.S.M)","35400 Saint-Malo","35400","Bretagne","35"
"42a16915-264b-4939-9aaf-861418c79cc7","Surf School","35400 Saint-Malo","35400","Bretagne","35"
"d1a77a21-d2b5-49c0-952f-ff2ce4954b16","Société Nautique de la Baie de Saint Malo - Rothéneuf","35400 Saint-Malo","35400","Bretagne","35"
"39d9e8fb-5710-4c57-b422-ab3690073841","VOILE RC LE HAVRE","Le Havre","76600","Normandie",""
"7e3e1fda-7a83-4e21-892b-bc889c9ed275","Sensations Littoral","35400 Saint-Malo","35400","Bretagne","35"
"acfa49ca-c9e6-486f-88b2-fa5a5fdde92a","Mer Amitié","Rouen","76000","France",""
"d19559cd-a8a5-430d-9df1-57ed0a731070","Club Nautique Breizh Rance","35430 Saint-Suliac","35430","Bretagne","35"
"8f6ef153-822a-400c-8925-aa32d0020de0","CLUB NAUTIQUE WINDSCHOOL DINARD","Rue Roger Vercel","35800","Bretagne","35"
"d85622b9-7405-46a9-bf44-29677f1f767d","Yacht Club of Saint Lunaire","35800 Saint-Lunaire","35800","Bretagne","35"
"3fb360c2-3373-47c6-b054-4dfc1ae4ce22","Base nautique du Bassin du Commerce","Le Havre","76600","Normandie",""
"873c1d76-0bb6-477e-b9ab-75394590db7d","Excursion à la voile saint malo","35400 Saint-Malo","35400","Bretagne","35"
"21095493-8936-4d7d-a463-03b802db55aa","Les Glénans - School Sailing","56000 Vannes","56000","Bretagne","56"
"45ea8442-dd61-493e-94e3-b8977a3b87f0","Arradon Nautical Center","56610 Arradon","56610","Bretagne","56"
"c3f1535b-15e7-45a3-8af4-8741a674d900","Club Nautique du Rohu","56730 Saint-Gildas-de-Rhuys","56730","Bretagne","56"
"c4a6e0a2-3bb1-4572-9341-ea1c319b804b","Gmc Voile","31 Rue Guillaume le Bartz","56000","Bretagne","56"
"47c5fbff-ed45-468f-92e4-e2546302f6de","Les Lasers RC du SNPH","Le Havre","76600","Normandie",""
"9b3c3706-75a2-4470-9c87-2f3b853bb4e2","CHALET LE HAMEAU ROLLOT","Barèges","65120","France",""
"ead13a6f-1ae7-4151-a313-1a91b3633a34","47Nautik","Vannes","56000","Bretagne","56"
"18aae3da-5828-42ed-a99d-44c1f790ff6f","La Mouette Sinagote","56860 Séné","56860","Bretagne","56"
"f58a56a7-4128-49c0-971a-d6339b977e5a","Société des Régates de Vannes","56000 Vannes","56000","Bretagne","56"
"1b4c84dd-373d-46bb-a5b1-d58d37b73daf","Base Nautique de Séné","56860 Séné","56860","Bretagne","56"
"f8362e7c-8427-42b2-961f-47e5324d0e2e","CLUB NAUTIQUE OCEANE","56470 Saint-Philibert","56470","Bretagne","56"
"97116647-7fea-4c1b-9b13-eec125df9e09","Base Nautique de Mazerolles","Ancenis-Saint-Géréon","44240","France",""
"54bf390a-7c54-4fce-8b62-3910cafb0b69","Canoe Kayak Club de Vannes","40 Rue du Commerce","56000","Bretagne","56"
"4c43697e-236b-4e92-aba8-119994f37ab2","Golf & Sailing","56000 Vannes","56000","Bretagne","56"
"5e36eb1f-83c0-4565-9c55-20eed876f6f2","PB Watersports Morbihan","56000 Vannes","56000","Bretagne","56"
"eff1d1f4-05d7-44d8-b5c6-94013b84de53","Tahe Outdoors Store","56000 Vannes","56000","Bretagne","56"
"953ef91d-156a-4496-8643-8c4b6334eb90","Belle Île Voile","56360 Le Palais","56360","Bretagne","56"
"bd554a31-c134-47f8-b052-6b164f039a18","Horizon","56360 Locmaria","56360","Bretagne","56"
"e8d04a71-5ad7-4b3c-b3e9-a9bd4365c25b","eFoil Sanguinet","Sanguinet","40460","Nouvelle-Aquitaine","Landes"
"5f44c267-0734-4a20-8873-349dc2ec3929","Bateau École Belle-Île","56360 Le Palais","56360","Bretagne","56"
"5888f67e-15e1-442d-9513-3ecbbd85a808","Ecole de voile A.S.N. Quiberon","56170 Quiberon","56170","Bretagne","56"
"377c17df-d044-49c7-91b8-4e4b7fd55622","Lorient Center Nautique","56100 Lorient","56100","Bretagne","56"
"40c2d5dc-408a-45b7-91a6-37acd38cd866","Centre Nautique de Kerguelen","56260 Larmor-Plage","56260","Bretagne","56"
"bc458f3e-b742-4ea9-b851-f5321d41814f","Cité de la Voile Eric Tabarly","Rue Roland Morillot","56323","Bretagne","56"
"a69d2bf6-87a2-452c-b817-143066c36c26","Sailing School & Cruises Ucpa","56100 Lorient","56100","Bretagne","56"
"fe7dba34-0b5c-4e83-a160-5b43921d3380","Surf School Moliets Soonline","Moliets-et-Maa","40660","France",""
"28866cfd-c7b8-40e1-a3cd-4c878d153843","Pôle Nautique de la Croix","29900 Concarneau","29900","Bretagne","29"
"067ad3ff-1dde-4da8-859c-1dc819977203","Centre Nautique de Concarneau - FFV","29900 Concarneau","29900","Bretagne","29"
"336eda7b-5cd4-4bcf-8bbc-5ea927f23651","École Française De Voile","29900 Concarneau","29900","Bretagne","29"
"a4fec5e6-b03c-4ddd-bc87-4907595635e4","Cercle Nautique Honfleur","14600 Honfleur","14600","Normandie","14"
"0683ceb4-2c19-42bf-b308-8e7e89c49b88","CNH - Ecole de Voile - Plage de Honfleur","14600 Honfleur","14600","Normandie","14"
"24b64417-f7f0-4746-b843-eed39b3f51a2","Sailing school Sète - Center Nautique town of Sète","Saint-Lô","34200","France",""
"116a2b13-f307-4676-8d81-1f92682e8633","Deauville Sailing Club","14800 Deauville","14800","Normandie","14"
"07b46d9e-d846-4b0e-b168-95e9ce1c782c","Cercle Nautique Cherbourgeois","50100 Cherbourg-en-Cotentin","50100","Normandie","50"
"ef2a1d3c-7546-4418-92a5-35980bcb2238","Ki'wind Espace Nautique","44500 La Baule-Escoublac","44500","Pays de la Loire","44"
"f96a148b-99d4-46d6-a314-9c131b7ebd78","Fromentine Sailing Club","Fromentine","85550","France",""
"ceaffa6e-9832-454c-b906-f6f7b58fb891","Glisse Academy Saint Brevin - Pornic - La Baule","Corsept","44250","France",""
"f3a72d83-6315-4ac5-9289-fe24f7734b89","Water Sports Les Voiles Royales : Char À Voile, Catamaran, Wingfoil, Kitesurf, Longe Côte & Seminar","44500 La Baule-Escoublac","44500","Pays de la Loire","44"
"5825ef54-aa0e-4f89-802c-a585bf9e35c4","Espace Voile Peyron","44500 La Baule-Escoublac","44500","Pays de la Loire","44"
"b2b5f578-d5b6-417f-9f0b-c12be0c9a6de","Yacht Club De La Baule","44500 La Baule-Escoublac","44500","Pays de la Loire","44"
"08dcf672-e76e-437c-9188-468cc870d82f","Yacht Club Cnbpp","44510 Le Pouliguen","44510","Pays de la Loire","44"
"99e19ad9-3997-45aa-8a1a-b2e241f85741","Jet Loc","Balagne","20220","France",""
"9d323425-cfdb-47dd-82c2-a117a0e2f1b8","Les Petites Sails School De Surf","44500 La Baule-Escoublac","44500","Pays de la Loire","44"
"e952c7b6-1985-4d2a-ab24-15a9fd7092d7","Pôles France Jeunes et Espoir Voile des Pays de la loire","44500 La Baule-Escoublac","44500","Pays de la Loire","44"
"67967c9b-70ce-4ba7-b848-763584eb50c9","French Foil - École de Wingfoil La Baule","44500 La Baule-Escoublac","44500","Pays de la Loire","44"
"b726c1f8-6852-4601-8cb5-ef52330070b7","Yacht Club Apcc Voile Sportive","44380 Pornichet","44380","Pays de la Loire","44"
"f9181515-140f-4965-9c8a-c624ff16d3de","Club Plage Les Courlis","All. de la Vague","44500","Pays de la Loire","44"
"29bfde58-841e-4be0-be23-1bd7eabcc6e1","Club Nautique de Pornic","BP 21","44210","Pays de la Loire","44"
"4b96be9a-f6cd-4653-84fd-d24bc36a4063","Les Voiles de Pornic","Ponton B1","44210","Pays de la Loire","44"
"f9e85ac5-3f45-4bde-95e8-d6697e7ff54b","Base nautique Municipale","44600 Saint-Nazaire","44600","Pays de la Loire","44"
"143714f0-2aad-46f1-abdf-c30c761080f1","Club de kayak de carentan","Carentan-les-Marais","50500","France",""
"7e655e4e-2e0d-440f-ac98-dea8898abe28","Yacht Club Landais Pole Nautical - Training École Française De Voile Et Location De Voile, Kayaks Et Stand Up Paddle","40150 Soorts-Hossegor","40150","Nouvelle-Aquitaine","40"
"5b598a64-f267-4a87-9a1d-39368ae4ea62","La Rochelle Nautique","17000 La Rochelle","17000","Nouvelle-Aquitaine","17"
"134d4a9e-ac5f-452c-ace6-f00c380b27ea","Veil La Rochelle","Quai du Bout Blanc","17000","Nouvelle-Aquitaine","17"
"e6770087-98ce-4195-a73b-662d0b21f489","Ecole de Voile Base Nautique ASPTT","17000 La Rochelle","17000","Nouvelle-Aquitaine","17"
"d8f9a92b-d9d8-4dd6-a164-46574b5c1f01","Sailing Pour Tous","Quai Marillac ponton 31 place 45","17000","Nouvelle-Aquitaine","17"
"425b1704-c795-4aba-9493-6c66295daa00","Cercle Nautique de La Rochelle","17000 La Rochelle","17000","Nouvelle-Aquitaine","17"
"e35bfdba-df68-438b-b21c-fc03ef4a0dc2","Yakapartir, Stages De Voile Et Croisières","17000 La Rochelle","17000","Nouvelle-Aquitaine","17"
"9805929e-11e3-4e24-87c1-ed1d0e6761e0","Apex Performance Voile","17000 La Rochelle","17000","Nouvelle-Aquitaine","17"
"e82320ed-1727-4dd8-addf-6cb45a5cea11","Les Plates","17000 La Rochelle","17000","Nouvelle-Aquitaine","17"
"0db58d8c-6089-4cbf-a514-7f15dc0ca48a","Salle Steredenn Lanmeur","Lanmeur","29620","France",""
"a68814f8-e5d1-453c-b209-d31064690207","Club nautique st annes","Sainte-Adresse","13500","France",""
"56ea09d5-f024-4921-be6f-4971076ee723","Yacht Club Chatelaillon Plage","12 Cr du Maréchal Juin B.P. 70009","70009","Nouvelle-Aquitaine","17"
"e1158d0f-8b76-401d-b719-d55bfcf2adc4","Base nautque du Bois Joalland","Saint-Nazaire","44600","Pays de la Loire",""
"0881404e-9de3-4f95-8312-4d63233384e6","Centre Nautique d'Angoulins","17690 Angoulins","17690","Nouvelle-Aquitaine","17"
"9647359e-6959-4841-8a0f-aa3d31316009","Voile Plus Loin","17000 La Rochelle","17000","Nouvelle-Aquitaine","17"
"361f7650-cff0-44d5-bed0-9f22a58a7382","Yacht Club La Rochelle","17000 La Rochelle","17000","Nouvelle-Aquitaine","17"
"921754ec-20d5-4619-8fbe-be810a13e136","Comité Départemental Voile de la Charente Maritime (CDV17)","17000 La Rochelle","17000","Nouvelle-Aquitaine","17"
"31477a26-a7ef-4914-8fa4-589e4a1835d1","Yacht Club De France","Montreuil","75116","France",""
"c0483be8-70da-4983-9cf3-01a0b6865d58","Evo Sailing","Brest","29200","Bretagne",""
"4f1cca30-77b4-4945-be0f-0b399866b882","School Sailing And Wind De Tourlaville","Saint-Lô","50110","France",""
"2c3ec0a8-0efb-4e02-8831-63201a2e2b1c","Moulin Mer Center","Brest","29460","Bretagne",""
"93c6150b-8fe3-4b84-b7c8-c33e6db37ab7","Robsail - Initiation Sailing In Catamaran - Coaching Voile","Brest","29570","Bretagne",""
"27af057f-4ed8-4f6a-b22f-66c2f75c6fb8","Handivoile Brest","Brest","29200","Bretagne",""
"3c6a7ff5-1e7f-415f-afbb-96bd407400a8","Résidence Pierre & Vacances Arinella","Lumio","20260","France",""
"e37c697e-7e35-42ea-97a8-799348cb3f6d","Alidade Voile Stages Croisières Bretagne","Brest","29870","Bretagne",""
"0e27f449-aef2-4da7-816d-62d5ea27caf8","Guetteur De Vent","Saint-Briac-sur-Mer","35800","France",""
"1f406abc-7b63-4aad-ac10-9bef72d956e8","PSRS - Regatta Society of St. Pierre Quiberon","Quiberon","56510","Bretagne",""
"cabbc894-2631-4baf-a9bb-08433fa5add2","BASE NAUTIQUE de Saint-Jean-de-Monts","Bouin","85160","France",""
"c9799361-a765-400b-8834-2dc6c05153a3","Chambre Plouezoch","Plouezoc'h","29252","France",""
"d908f536-653d-4fed-a10f-556a7f28fbcc","Yacht Club de Saint Briac","Saint-Briac-sur-Mer","35800","France",""
"77ce3f43-78a1-44d2-b065-fbe41241104b","Port du Dourduff","Plouezoc'h","29252","France",""
"7cc1ec83-780c-4c2a-ab2b-14d70653f3b1","In Morlaix Bay, Sea, Beaches, Sailing school 3km away Large quiet house","Plouezoc'h","29630","France",""
"87817b98-178c-4ee0-8982-9847d2ef4d35","Club Nautique Passion Voile","Corsept","44260","France",""
"53b45bc3-80f7-48ab-bf2e-ece98370dd98","45° NORD école de voile croisière","Anglet","64600","Nouvelle-Aquitaine",""
"ae53e1fa-d067-4ba6-ac68-14351f89d292","EKS 44","Saint-Nazaire","44250","Pays de la Loire",""
"30990075-5c0e-4ad2-9814-adcf01f3556e","CVL Centre de Voile et de Kayak Landéda-l'Aber Wrac'h","Landéda","29870","Bretagne",""
"2c872f42-8b70-486b-8728-ee697643f1f6","Watersports Des Demoiselles","Saint-Hilaire-de-Riez","85270","France",""
"8b3f0ed6-088b-4274-85da-abe2554ade0d","Nautisme En Pays Blanc","Guérande","44420","Pays de la Loire",""
"97c9ecba-461e-40d7-af8c-444e949b3965","Centre Nautique Municipal de Douarnenez","Douarnenez","29100","Bretagne",""
"f8cbdf89-2623-42c0-a833-98f7993ce5f5","Saint-Co Windsurf","Carnac","56340","Bretagne",""
"4e1bf718-3d79-416a-80cb-32c7534467ee","Société des Régates de Douarnenez","Douarnenez","29100","Bretagne",""
"997eb9fa-848b-41d5-8b98-5d08571364da","nautical center of Roscoff","Roscoff","29680","Bretagne",""
"9162660e-9408-43ae-a147-a80e31e097f5","Club École de Voile de Berck-sur-Mer","Coquelles","62180","France",""
"e5cc1336-9513-41d5-be90-dc1c41aad158","Le Spot Nautique Séné","Séné","56860","Bretagne",""
"7bd998c6-e116-4997-8221-6a36e2fc1bfa","Kayakapau Canoë Paddle","Pau","64110","France",""
"c1d1b87b-8cad-453a-9647-5a16216f11cb","Avelkite Carnac - Kitesurfing School And De Wingfoil","Carnac","56340","Bretagne",""
"83d1c07d-5b66-4e25-8bce-c6b284a8fe9e","Voile et Patrimoine du Golfe du Morbihan - Ferme de la Villeneuve","Séné","56860","Bretagne",""
"6b4a4f36-4f8e-407c-9a59-3a233a92247e","Water Company De La Trinité-Sur-Mer","Carnac","56470","Bretagne",""
"3573877f-e753-422c-b8bb-e37f06ecefa4","Voile Performance","Ambleteuse","62930","France",""
"e29ae701-5aa1-4d42-8e86-f2857e4a94d0","C.E.S.M. Saint-Florent - Centre d'Études Sous-Marines","Saint-Florent","20217","Corse",""
"80fce749-9121-45d0-81d1-dfabc00aa873","Antenne du Centre nautique de l'Île-Tudy","Pont-l'Abbé","29980","France",""
"2f150837-6658-40fb-a5c3-83289ecb6ac8","Les Glénans Base De Paimpol","Paimpol","22500","Bretagne",""
"ba5ecd1c-e088-42ed-8f41-6c8fb6f30a3b","Base nautique les fauvettes","Porto-Vecchio","20137","Corse",""
"72b9ab7a-7e54-4c02-a274-ea775612af8e","centre nautique municipal","Lannion","22310","France",""
"6fa30a2d-ee14-4e20-8fe9-338f8f1327da","Club Nautique de Tréguier/bateau école","Tréguier","22220","France",""
"e1755c0f-78eb-4a58-8733-f9b529c154bc","Nautical Center and Outdoor C.N.P.A.","Pont-l'Abbé","29740","France",""
"a562b9f1-557a-4a81-881a-c128eb4dbdc4","OCEAN - Ecole d'activités nautiques","Ouistreham","14150","Normandie",""
"3f375359-a0a1-4d00-84bb-db617cf0431b","Nautical Club Berckois","Outreau","62600","France",""
"ec60db08-acfd-4d16-ac1b-9337080ce78d","Spot Nautical Trébeurden","Lannion","22560","France",""
"cb084b81-d41a-4f76-9535-694898c9d7d8","Base Outdoor Sports De Lannion","Lannion","22300","France",""
"17f54b79-dcc3-4d0e-a20c-e034ea9f792e","Nautical Center of Perros-Guirec (CNPG)","Lannion","22700","France",""
"bcb5191f-8ee3-41a1-8f61-8405d8600fb7","Lannion Canoë Kayak","Lannion","22300","France",""
"87d1c304-8798-4ae9-a270-3574c455eb9f","Pôle Nautique Sud Goëlo","Lannion","22410","France",""
"d4ca4943-f0c6-4a1e-8f26-b28eae647a89","Ecole de Voile de Locquirec","Locquirec","29241","France",""
"d96594a7-3de2-4e1a-afe9-fd17ab50df2b","Le Spot Nautique Locquirec","Locquirec","29241","France",""
"79d8673c-d10a-4f6b-ba00-743d3efe21c8","Union Locale d’Animation en Milieu Rural","Lanmeur","29620","France",""
"b6865d56-cf99-4fe1-a54d-43c0478fce16","Centre Nautique Locquémeau","Lannion","22300","France",""
"13019746-cefc-471a-b624-d53bac044e98","Ecole de Voile de Térénez","Lanmeur","29630","France",""
"eb35bca1-3f3c-4dfb-b97b-09f4885de00e","Port de plaisance de Solenzara - Portu di Turismu di Sulinzara","Solenzara","20145","Corse",""
"350b2a7b-84ac-44f5-9ecf-1ad2d1865ae7","Club Nautique de Rivery","Amiens","80136","France",""
"6d0c70f9-2d50-4e54-bfeb-5a6076d36991","SAIL","Morlaix","29600","Bretagne",""
"9bbf9664-bcdc-4b0a-b7c9-2514a88c82f3","Voilerie L.Jeandot","Plouezoc'h","29252","France",""
"cf2143f3-7181-4f43-9276-5aa9034f02af","Pors Goret","Lampaul-Plouarzel","29810","France",""
"4bfe1128-6879-4252-93e5-e2bf507bb6c0","Plage de Porsman","Lampaul-Plouarzel","29810","France",""
"8519a2ad-f208-46a4-a62c-8f9d7e9685c4","Ocean Players School Kitesurfing En Vendée","Talmont-Saint-Hilaire","85440","Pays de la Loire",""
"ae326c9b-f7b2-4144-a141-d0a383b1c308","Coaching Voile de la Baie","Plouezoc'h","29252","France",""
"c39fd190-91ee-48d4-99fb-b272aca2ff68","SWEET SPOT","Argenton-en-Landunvez","29840","France",""
"9220a26d-e6cd-4e93-8909-4518402954c3","Port D'argenton","Argenton-en-Landunvez","29840","France",""
"f4b4fae4-a9b5-42bd-b5d5-920092f0e756","Nautical Center Fouesnant Cornouaille Site Creac'h Gwen","Fouesnant","29000","Bretagne",""
"b7e0b36f-7ade-4a30-aa21-db086512a143","Water Sports Intermunicipal Du Pouldu","Clohars-Carnoët","29360","France",""
"99c0a2ed-cb68-4987-8641-e5e5d1ea11e7","Centre Nautique de Roscanvel","Plouarzel","29570","Bretagne",""
"c960cd4b-a6cb-472f-bdfd-38bfdc745a33","Spot Nautique Fouesnant Glénans","Fouesnant","29170","Bretagne",""
"eadc3a25-c936-4f11-ae28-429a24890954","Yacht Club De Vernon","Vernon","27200","France",""
"7046a436-a454-4300-81d9-78cad532e9c4","Pôle nautique","Londe-les-Maures","83250","France",""
"cccb21e3-8b6a-4ee1-92c0-e5cae729d522","Yacht Club D'ile-Rousse","Solenzara","20220","Corse",""
"00c19edc-e653-49bd-8608-cf83cdd3fec2","École de Voile de Saint Briac","Saint-Briac-sur-Mer","35800","France",""
"5240cfe0-fdbf-44b8-9f8a-1cd4730178b7","École de croisière - Moniteur de voile FFV","Télégramme","83150","France",""
"5b074da4-cdbf-4f2c-8610-bcdebe1389e1","Ligue Sud Provence Alpes Cote Azur de voile","Télégramme","83500","France",""
"10315410-bb83-42bf-ad05-3e35bf97db32","Au Fil de l'Eau","Messanges","40560","France",""
"fdf1ee75-66c6-457b-bf4d-eeda28ba9373","Ovoilier - Training Sailing Cruise","La Rochelle","17000","Nouvelle-Aquitaine",""
"46ed4b91-41f2-4d4a-8e3e-07fe13b2f049","Société Nautique","Ploemeur","56260","France",""
"e7d537f5-fb3c-4593-8945-0618c34f7ca7","École Municipale de Voile","Télégramme","13960","France",""
"3e385ebc-e452-408f-8161-9629e143aa82","Team sodebo voile","Ploemeur","56100","France",""
"5c05ad3e-a195-4354-a79b-cc141eda793e","Centre Nautique Les Issambres","Saint-Aygulf","83380","France",""
"b659b247-5c57-4b59-a875-70e481a1f286","School Voile Cnpm - Cassis","Télégramme","13260","France",""
"18b95e02-efca-4630-8295-ad6dd32d1b36","Centre Nautique","Montivilliers","76450","France",""
"5c61bc1b-e0b0-41dc-9838-beeb20c4f0db","Centre Municipal de Voile","Télégramme","83000","France",""
"879ee0d8-11eb-4cfc-ada0-87a3948a213c","Sellor Nautisme","Ploemeur","56260","France",""
"772c62bb-42d8-40a6-87ed-9ee9e121c72f","Le Spot Nautique Fort Bloqué","Ploemeur","56270","France",""
"0f3cd9b5-8e1f-4c3b-b8a8-70977cb58e20","Ecole de voile la Moune","Télégramme","83580","France",""
"00228f38-a4f6-4339-96de-38f1add72a3c","Ecole De Surf Bretagne Fort Bloque","Ploemeur","56520","France",""
"3684578e-9917-45df-9627-cad4c628c8aa","Surf In Biarritz","Biarritz","64200","Nouvelle-Aquitaine",""
"a9fc1daf-da1d-44bb-a0fc-f5c69b4445b8","Club Nautique de Binic","Étables-sur-Mer","22520","France",""
"5e0ddf28-411c-4b0d-9ac6-3b877a3d1a38","Centre Nautique Brehec - Plouha","Plouha","22580","France",""
"6f6e3348-2aa8-4745-b32d-dd96bf5cacce","Nautical Club of Baden C.N.B.","Morbihan","56870","France",""
"16cc1494-6c8d-4490-8029-e35f7c8fc3d2","Water Company De Locmariaquer","Morbihan","56740","France",""
"eb799b65-b134-4038-b58b-12ce2b5ad432","Centre Nautique Kerguélen","Larmor-Plage","56260","France",""
"1d7d11bb-6382-4cba-98a3-70203ee8ccc3","Live La Voile","Grau-du-Roi","30240","France",""
"d6bce8ae-ae10-4ef4-bb4c-ac8b92833894","SAILING SCHOOL Fogeo","Morbihan","56640","France",""
"b78eadf1-a855-4751-bd43-3b086ad2ca5c","Yacht Club De Penestin","Morbihan","56760","France",""
"1af337b6-6ded-4902-b9e5-0e9cd1998108","Pôle Nautique Sud-Goelo","Étables-sur-Mer","22520","France",""
"c47c54c5-14e0-461b-9d15-bc547e938349","Base Nautique de Port-Louis","Morbihan","56290","France",""
"86b85fd8-86b7-4824-9a8e-9627577aa106","Pôle Nautíque","Étretat","76790","Normandie",""
"4eb45c9c-d04f-4e5c-bae5-5207e76bb562","Cercle Nautique","Étretat","76790","Normandie",""
"64987c7c-73ba-4c8b-8e42-eff3aff23004","Nicolas Boidevézi - Skipper Capitaine 200 Voile - Sailing School - Coach Veil - Team Building Voile","Lorient","56100","Bretagne",""
"5a99caa7-4901-4668-b02a-268257bdaa37","Voiles et Galets d'Etretat","Étretat","76790","Normandie",""
"c65884c8-2338-486a-8e2c-11fd7679b554","Dieppe Voiles & Falaises","Dieppe","76200","Normandie",""
"15ab757e-62d4-4998-8399-9f63c60d7da6","Ecole municipale de Voile de Fécamp Centre Nautique Paul Vatine","Fécamp","76400","Normandie",""
"4a13991e-ce20-4ab4-b419-6c6a60700c43","CNEC - Centre Nautique Est Cotentin","Barfleur","50760","France",""
"9b5c61e3-5828-4292-bfc9-27dbcd0f0107","Club Nautique Le Havre","Le Havre","76600","Normandie",""
"86bcbb19-3fb7-487c-acb1-8cee5cc5b718","Ligue de voile de Normandie","Le Havre","76600","Normandie",""
"440a823a-8008-4c4b-9dd9-80d864ca2e13","CLNT","Le Havre","76600","Normandie",""
"c76b3d73-a34c-44f1-9e74-0abb2719ca12","Centre Nautique Portsall Kersaint C.N.P.K.","Lampaul-Plouarzel","29830","France",""
"ce4bc0b4-d03a-4176-918d-7c93545fa19b","Stade nautique de la Liane","Boulogne-sur-Mer","62200","Côte d'Opale",""
"645ead6b-eb3f-478c-8dbd-a554b05b6340","Club Nautique Bastiais","Bastia","20200","Corse",""
"09607638-f8db-455a-b0d9-090cbc7f55ce","Association Trans Mer Le Havre (TML Voile)","Le Havre","76600","Normandie",""
"ce207078-9beb-49a4-9a77-2b9d996130bf","Club Nautique Saint-Jean-Cap-Ferrat","Saint-Jean-de-Luz","06230","Nouvelle-Aquitaine",""
"efa43f23-ab30-4e1a-a4e6-c433368ea19c","La Voile Bleue","Le Havre","76600","Normandie",""
"e2e0751e-1b6d-473b-941d-0a0ab5545043","Société Nautique du Havre de la Madrague","Le Havre","83400","Normandie",""
"ae15eac5-2cb4-49c8-8367-bd2731431372","Voilerie Albatre Plaisance - Le Havre","Le Havre","76600","Normandie",""
"0f5fa755-803f-4156-8f89-fef7e882c354","Nacra 15 LH","Le Havre","76600","Normandie",""
"91b9603f-5b4f-491f-891c-a545557353ab","CVAS - Club de voile d'Anneville sur Seine","Montivilliers","76530","France",""
"5a986f60-a890-4a7c-9083-78a4896f7b95","Albatre Plaisance - Permis Bateau Ecole - Vente Bateaux - Le Havre","Le Havre","76600","Normandie",""
"0771a805-9a06-47fc-bc3d-49dc42b27c75","School Sailing - Yacht Club Banyuls","Gaillon","66650","France",""
"f8c6c999-d89b-4227-a083-788d0a9ff202","Centre Régional de Nautisme de Granville","Saint-Lô","50400","France",""
"ec8818d0-370d-4b93-8164-9d4f1c54c56e","A.P.G - Club école de Kitesurf et Wingfoil","Le Portel","62480","France",""
"7e30c1ca-b7a8-4aee-97a8-7dfa96228771","Base nautique","Pont-l'Abbé","29120","France",""
"bcec26ff-ae34-4e4d-8efd-8e2f3db91fff","Le Picotin","Saint-Lô","50000","France",""
"5ae369b6-b8ab-42be-be81-dc7126fc05e4","Bureau touristique d'Isigny-Omaha : Antenne d'Isigny-sur-Mer","Isigny-sur-Mer","14230","Normandie",""
"2ceb55ab-6183-49a3-b83f-25f252064c18","Pole Nautical Hague","Saint-Lô","50460","France",""
"fb1d7ffb-c0f0-47d0-ade9-bebd8f5c7e6c","Sailing School French","Cabourg","14390","Normandie",""
"51f62c1c-696c-4b99-ac10-99507fa94ed0","Mahi-Mahi Surf School, School And During Surf De Biarritz","Biarritz","64200","Nouvelle-Aquitaine",""
"226ea72d-ba48-4da0-ae0a-086ed11a4547","acqua & natura","Solenzara","20145","Corse",""
"b045ab42-2b9b-4bc7-9d0c-a6d11c7b2f9e","Ecole de Voile Courseulles-sur-Mer","Courseulles-sur-Mer","14470","Normandie",""
"e9213f07-edb7-4618-bb19-36c69af61571","Pole nautique","Cabourg","14390","Normandie",""
"32e4f46e-3b24-4290-a5a2-c38c434ce524","School Sailing Cap 21","Grandcamp-Maisy","14450","Normandie",""
"0d181998-bdcf-4d9f-95a9-1a20c1353ffc","Eole Club","Berck-sur-Mer","62600","France",""
"bfe8b257-9914-44db-a24f-60396a2ada91","Adeolia Sailing : École de voile","Théoule-sur-Mer","06590","PACA",""
"c66f40ce-e9dc-4051-960a-8685f6e2b5a3","Club Nautique de Beauvallon","Sainte-Adresse","83310","France",""
"09d0698a-2186-4116-8751-f4f3f3a2f73a","Milles Des Vents","Saint-Adresse","83430","Normandie",""
"162f92c4-20cf-4b01-ae3e-611f1a4b5a83","Centre Fosséen de Voile","Saint-Lô","13270","France",""
"f704a7a1-a70e-4325-a943-0a6e09c58f59","Pole Nautique Villers Blonville","Blonville-sur-Mer","14910","Normandie",""
"8be1257d-6fc5-4b0d-b53d-7b48b09617a1","USHIP CORSIL MARINE SOLENZARA","Solenzara","20145","Corse",""
"b3cbcae3-6c28-4fea-ae3d-5db8170ce970","Bat'ski","Théoule-sur-Mer","06590","PACA",""
"1b829113-b361-4922-a01f-10157acaad5c","Ecole de voile Caen Yacht Club","Normandy","14000","France",""
"2e3a0a20-997c-43f1-aa7f-91e752b5413b","CVSAE - Club de Voile Saint Aubin Elbeuf","Normandy","76410","France",""
"02613ce3-d312-4f3a-90e0-627c414aee5f","Croiseurs Cotiers De Carentan","Carentan-les-Marais","50500","France",""
"c12c1a5e-4513-43c6-a2f1-a7d6795c3dda","Nautical Club Risle-Seine Toutainville","Normandy","27500","France",""
"55a7aeeb-d56b-4f66-bb1b-2ff991441e7c","Char à Voile Centre de Loisirs Nautiques d'Asnelles","Normandy","14960","France",""
"2f387e70-92f5-4475-b4cd-d2129d17f42b","AGASC Water sports","Saint-Laurent-du-Var","06700","PACA","06"
"d154eb27-ea51-4838-973e-31af9b59309f","Centre Nautique Municipal","Saint-Adresse","83700","Normandie",""
"848553ce-cd6d-4fce-b5fc-228bbd342ea7","Tête en l'Air","Les Andelys","27700","France",""
"5f1b2b28-080f-4022-b9ed-e946bb523d14","CSA Badminton","Les Andelys","27700","France",""
"08790109-a70b-446b-aa47-ad24803e4d68","Office Culturel et des Loisirs des Andelys","Les Andelys","27700","France",""
"4a7c46d1-176d-4d86-9774-13dfc461b5e2","Leisure Centre","Les Andelys","27700","France",""
"06a03a35-37c1-47c8-a9d4-2b4d0de0d36e","Port de Venables","Les Andelys","27940","France",""
"9b80422c-cc82-4d95-a018-0fc9811dbdb1","TAXIS ANDELYSIENS","Les Andelys","27700","France",""
"d4009ce6-4ae5-41c3-a3ba-9b745b0619ad","Parc des Sports René Tomasini","Les Andelys","27700","France",""
"162eb8ba-ced5-4f83-9a27-6d3195191e45","SARL AMBULANCES ANDELYSIENNES","Les Andelys","27700","France",""
"40280d97-6446-4558-bbd6-db9df2fc7dbb","Driving School Masson","Les Andelys","27700","France",""
"997a187c-52ef-428c-b613-47473780e577","Baseball field","Les Andelys","27700","France",""
"f72bcd6f-965a-4699-917e-39f7d4bbc14f","Andelys Driving School","Les Andelys","27700","France",""
"3617f672-ce71-4f66-92d2-6dad9f949d69","Europe Driving School","Les Andelys","27700","France",""
"ae42cb17-f3d1-4b6c-bda7-ea20f8cef6f4","Club de voile des îles","Gaillon","","France",""
"3cd01dab-fc52-4c3a-8d3b-e9fa86ffa568","Utah Avel Mor sand yachting in the sleeve","Utah Beach","50480","France",""
"f602b555-355a-4315-ab9b-4bb467793602","2X Aventures","Sorde-l'Abbaye","40300","France",""
"462d5022-3680-4c65-9d82-b43c2965656c","Centre Aquatique Aquaval","Gaillon","27600","France",""
"13701dd5-6ef3-4d2c-a5c7-e949121c4c5e","Port de Plaisance de Port-en-Bessin","Port-en-Bessin","14520","France",""
"8332080c-2e28-481c-8363-d1d8754231e8","Ecole de Voile","Port-en-Bessin","14780","France",""
"15f16d63-a964-4437-abab-cff3a44a028d","Club Nautique Marignanais - Ecole de Voile - planche à voile, wingfoil, dériveur, cata et optimist.","Port-en-Bessin","13700","France",""
"669b22ca-e5e0-4231-a9b9-dfe38e855b7a","Yacht Club / Sailing School / Center Nautique","Pornic","44760","Pays de la Loire",""
"d3a7f5bf-7e81-4e58-a805-7a3ed71465fa","Viensnaviguer.fr - Sortie En Voilier - School Sailing","Agde","34300","Languedoc-Roussillon",""
"dd4ed9b1-309d-4ad7-aed2-9091448d9746","Mélité Sailing School","Saint-Nazaire","44600","Pays de la Loire",""
"60d47c41-a024-46b0-b043-2dfbd2a355fc","La Turballe Race Au Large","Guérande","44420","Pays de la Loire",""
"a3b12521-398f-4244-b661-e5f0104b87ad","Akila Gruissan - Pole Mer","Gruissan","11430","Languedoc-Roussillon",""
"1a3fc960-cba0-45fd-aafa-a6ba5fb7af78","L'estuaire","Corsept","44560","France",""
"c43e3e19-e66e-4b65-bf13-3006f357af10","Voiles en vue","Montreuil","93100","France",""
"5194d23d-55d4-4d57-be40-23be206bb49e","Water Sports De Saint-Nazaire","Saint-Nazaire","44600","Pays de la Loire",""
"92790d85-ed47-4afb-bb85-7253ec0421b5","Quimiac Voile, AQV (Association Quimiac Voile)","Guérande","44420","Pays de la Loire",""
"a7d4a660-4321-4719-826c-c013b3d9eb56","les voiles d'Epicure","Guérande","44410","Pays de la Loire",""
"eceb7aa2-1fc7-4dbc-8ec8-d3557f9e9461","Base nautique du Porteau","Beauvoir-sur-Mer","85550","France",""
"7de81fac-0231-4e7a-81b7-1e5b4de680fd","Le Pied Marin","Guérande","44420","Pays de la Loire",""
"aa34f00d-b955-40ec-8a4b-20116d080c80","Maximumglisse Ecole De Voile, De Kitesurf, De Wingfoil","Île-de-Noirmoutier","85740","France",""
"2de834b8-1932-43ce-a844-0325a25c3b79","Club Nautique Estuaire de Paimboeuf","Corsept","44560","France",""
"876f5575-bb9f-4fb7-9658-677e7bdac2a1","Société des Régates de l'Ile de Noirmoutier","Île-de-Noirmoutier","85330","France",""
"2bc714ee-4508-4285-917a-c450231b08ba","Centre de voile du Vieil - F.O.L.Vendée","Île-de-Noirmoutier","85330","France",""
"3a670229-6ed0-4c83-9fc0-d44af2c9ab15","Nautical Center Du Cap D'agde","Agde","34300","Languedoc-Roussillon",""
"16542b33-9301-4019-86da-34e2074f4253","School Sailing Hissez-Haut","Île-de-Noirmoutier","85630","France",""
"2da5375b-5923-467b-9abb-897656e5b346","multivoile","Île-de-Noirmoutier","85330","France",""
"d3c356b0-c371-4b63-901d-3c5bb034c686","Voile Evasion","Saint-Gilles-Croix-de-Vie","85800","Pays de la Loire",""
"19ffb2dc-ee0b-45e6-9bda-b06a4c60c986","Sailing School Du Bois Plage ""La Cabane Verte""-Ile De Ré","Île-de-Ré","17580","France",""
"a54655bc-5aa3-4cb7-adbb-61e78934dc13","Cnpa - School Of Sailing And Swimming - Allowed Boats - Ile De Ré","Île-de-Ré","17630","France",""
"5debbc25-c135-4c31-9775-3f0f0a730bd4","Ile de Ré Voile - Ecole de Saint Martin de Ré","Île-de-Ré","17410","France",""
"44b23a81-58da-4d18-ba3d-bebb7c25a9ad","La Grand' Voile - Noirmoutier","Île-de-Noirmoutier","85330","France",""
"d39a3362-8f13-434b-8160-0ef5dc29ecec","Club Nautique des Portes en Ré / Point Location FFVoile","Saint-Clément-des-Baleines","17880","France",""
"9d5c7a75-e008-4677-90d5-304bc0f4224d","Center Water From The Baie De Canche","Le Touquet-Paris-Plage","62520","Côte d'Opale",""
"750f6cc0-cc7e-4c8a-b053-4e1af8707c6d","Les Glénans, Site De Coz Castel","Paimpol","22500","Bretagne",""
"355829af-5031-4ee7-96a3-716ca070f7fd","Association Nautique de Bourgenay","Talmont-Saint-Hilaire","85440","Pays de la Loire",""
"bcb6b14c-81f4-4014-9a3d-73b0b4c6a8e3","School Sailing","Île-de-Ré","17670","France",""
"9421a69b-9cb6-4f51-9d0c-3298621b8174","School Sailing De Saint Martin De Bréhal","Saint-Martin-de-Ré","50290","France",""
"15be337b-d205-4103-a86c-dd6deec0d4e4","S.N.A.P","Sainte-Marie-de-Ré","13460","France",""
"07232d76-8b08-4abb-ab2c-d99f13f8c0a4","French School De Voile","Sainte-Marie-de-Ré","13460","France",""
"207bea40-e8c9-4040-a048-8573ba121b72","Sailing club Île de Ré - Loix sailing school","Loix","17111","France",""
"1186b419-35fa-498e-815f-86d2c77df7b4","Pôle Nautique Notre Dame de Monts","Notre-Dame-de-Monts","85690","Pays de la Loire",""
"cfa22647-d58d-4331-abc9-8ccf49bf0c69","Cercle Nautique Tranchais","Challans","85360","France",""
"ec1e6539-498a-4133-9bab-2150f304570a","Jetfunevasion","Saint-Aygulf","83370","France",""
"86fcb4ba-f370-4303-9487-a11374886d1c","Plan d'eau des Vallées","Challans","85270","France",""
"7c217ae0-50b7-42ba-9b95-2084ded16bca","Cvan Nantes","Ancenis-Saint-Géréon","44240","France",""
"6ee87929-a832-408f-a016-1992b90f0d49","Underwater Diving Group Morlaix Plouezoc'h","Plouezoc'h","29252","France",""
"bdbab015-1200-4f52-bfd6-e29174004c32","Water Sports Sablais","Soullans","85100","France",""
"ed884b45-40b7-46e0-8e96-20de8670ea87","Brest Bretagne Nautisme","Brest","29200","Bretagne","29"
"48cde3af-f354-49fc-993c-1541f4f6594b","Restaurant le Club House du Yacht Club de Toulon","Oudon","83000","France",""
"6c54c2c2-398c-4b87-95a9-3f1c51d6802e","Ecole de Voile de Boisvinet SAINT GILLES CROIX DE VIE NAUTISME","Saint-Gilles-Croix-de-Vie","85800","Pays de la Loire",""
"997d8033-a71d-4556-94e5-29896f9067ef","Club Nautique de Carquefou","Oudon","44470","France",""
"3c73d691-0f58-49dd-923d-0b0c6962ce39","Vélo Club Salisien 🐝","Salies-de-Béarn","64270","France",""
"cff20ff7-579a-4dd6-9dfd-15de3dfba0d0","Centre Maritime de Nantes C.M.N","Ancenis-Saint-Géréon","44100","France",""
"91fb7e9a-14c8-438f-a22d-40c154c66016","Base nautique.","Port-de-Bouc","13110","France",""
"81b1904b-5cd5-46b8-b381-5f8220bc138b","Club Nautique ANCRE","Ancenis-Saint-Géréon","44240","France",""
"92dab93b-a6a5-4e6c-954b-e62986102fe4","Pole Nautical De Soustons Plage : Voile, Surf, Kayak, Paddle","Vieux-Boucau","40140","France",""
"9961a200-0937-4726-ba7b-7d9b5f5ed2b0","AUDACE HANDI EVASION","Oudon","44521","France",""
"258fa8ba-0d39-4035-8508-d07e7b6d45a8","Cannes Jeunesse - Siège social et Base nautique du Mourre Rouge","06400 Cannes","06400","PACA","06"
"2179278c-dfcc-4b0a-8c32-855c985f11fa","Association Les voiles s'en mêlent","Capbreton","40130","Nouvelle-Aquitaine",""
"ea6729d3-3b07-42bf-a146-fed4394a8396","Les voiles de Capbreton","Capbreton","40130","Nouvelle-Aquitaine",""
"c3390f97-435f-4c01-b052-3b4712acf724","Bidarteko","Bidart","64210","France",""
"35ebe3bf-095f-400e-ab9d-f7ee40466825","Club des Plaisanciers Biarrots","Biarritz","64200","Nouvelle-Aquitaine",""
"0873b9e6-fef6-4583-972a-afabbe73fb07","Club de Voile W&S","Espace de Voiles Légères","13008","PACA","13"
"06e05c7d-244d-49f7-84ef-d6f9390cf356","CNTL","13007 Marseille","13007","PACA","13"
"deadf8b0-65a1-4b73-9439-76d4d17b5f28","Nature Surf Camp","Messanges","40660","France",""
"135076c3-6896-456f-a97a-0595ac38bb1a","Yacht Club Basque","Biarritz","64500","Nouvelle-Aquitaine",""
"4f3ba140-b26b-475d-bee3-606be9826fbd","Club Hendaye Voile","Biarritz","64700","Nouvelle-Aquitaine",""
"bd71aef7-c5c3-44cf-a1e4-c502acb52026","WAITEUTEU MESSANGES sauvetage côtier","Messanges","40660","France",""
"4eb9f2b2-d39a-48d0-9360-644a43ccd535","Naeco Surf School","Messanges","40660","France",""
"530e0933-af97-45a0-8089-96d93393365a","Mana surf school - Messanges","Messanges","40660","France",""
"5d6cd69a-afb4-46b0-b489-436661ded96c","Centre Nautique Municipal Les Voiles de Lérins","06210 Mandelieu-la-Napoule","06210","PACA","06"
"2f30322d-f219-42c6-89ce-3499ae37a426","Foil In Landes – École E-Foil Lac Léon","Moliets-et-Maa","40550","France",""
"8645fa39-f104-4bfd-8b2c-09b5f011678e","La Dune Surf School","Messanges","40660","France",""
"0b7480d9-0c67-48ae-bbcc-b7dacf2a6657","Evad'Sport - Base de loisirs de plein air (accrobranche, activités nautiques)","Messanges","40140","France",""
"82356943-879f-4a13-b161-994b3be2739b","Yacht Club Rochefortais","Tonnay-Charente","17300","France",""
"6b5de21a-0c19-429c-816a-3a2bd7b1404e","Watersports Picquigny","Ailly-sur-Somme","80310","France",""
"9843a6cd-029d-4af9-a61d-1f565ec622e8","Alaia Surf Club","Bidart","64210","France",""
"baeb867e-8584-4871-a8d4-503b4ebbb847","Star Surf Camp - Surf Chill","Moliets-et-Maa","40660","France",""
"db4f620f-0048-4a71-913b-8888c734db1e","Center Nautique Biscarrosse Olympique","Moliets-et-Maa","40600","France",""
"47e6a27b-538a-4a63-9839-d1412ba7f30f","Aloha Surf School Seignosse","Seignosse","40510","France",""
"4969e978-1596-4819-a8da-16c01e46e45e","Jo Moraiz Surf School Biarritz","Biarritz","64200","Nouvelle-Aquitaine",""
"5c2582de-53b7-4ee7-8bae-f2e2e418feda","Yacht Club Adour Atlantique","Anglet","64600","Nouvelle-Aquitaine",""
"c5ad6fae-7199-4741-ab46-82b675ddb01d","Natural Surf School","Seignosse","40510","France",""
"dc6cc425-5190-438a-bda6-792694e9c021","Voile Musherika","06230 Villefranche-sur-Mer","06230","PACA","06"
"bbe4e992-b28f-483a-8c08-586f07a21d3b","The Basque Wave Surf School","Biarritz","64200","Nouvelle-Aquitaine",""
"2e37a525-d47a-4938-add7-93fc58fe3baa","Surf School Des Bourdaines","Seignosse","40150","France",""
"fb385f11-2eb8-4e2b-b1e9-3d1179c9e2cd","Les Voiles d'Hendaye","Biarritz","64700","Nouvelle-Aquitaine",""
"5952b33f-44b8-4547-ac53-f8c9f54955c0","Prof De Surf","Saint-Jean-de-Luz","64500","Nouvelle-Aquitaine",""
"4c33fd16-6323-46c2-847c-5e67a4fed515","Sportsmer","Saint-Jean-de-Luz","64500","Nouvelle-Aquitaine",""
"77eed618-c8f1-4f8b-830d-337186f28c40","School Sailing Municipal De Cagnes-Sur-Mer","Rue du Capitaine de Frégate Hippolyte Vial","06800","PACA","06"
"146606e0-6306-47a6-bea5-60325da45072","Sailing Club De Bonifacio","Bonifacio","20169","Corse",""
"930c502c-ea73-406c-8989-629755cc21ee","E-RIDE 64 | JetSurf à Saint-Jean de Luz","Saint-Jean-de-Luz","64500","Nouvelle-Aquitaine",""
"0f34424b-0885-4e38-9e73-66fa495dd6a0","Hastea Surf School Biarritz – Côte Des Basques","Biarritz","64200","Nouvelle-Aquitaine",""
"c271d4c5-63ff-40f7-9108-b24e4dd42e5a","Nautical Club of Merlimont","Berck-sur-Mer","62155","France",""
"6a689463-ef53-430c-9eb4-457b87c0a288","Aéris","Fort-Mahon-Plage","80120","France",""
"8f3d0de6-bcb4-4575-b9a8-3874ca11c96d","EVEILS Fort-Mahon Plage","Fort-Mahon-Plage","80120","France",""
"f0d4ec97-8f15-4c2e-be48-dda6f7815857","la voile dans tous ses états","83000 Toulon","83000","PACA","83"
"17be4568-8028-49c5-bd67-3cafda5136b2","Habia Surfschool - Surf School Pays Basque","Saint-Jean-de-Luz","64500","Nouvelle-Aquitaine",""
"3328ccb6-03d3-4f61-9c01-74ff3225c21a","Char à voile","Berck-sur-Mer","62600","France",""
"9dfc57b9-8038-4c28-ae88-8f93d66df035","The Blue Cargo","Bidart","64210","France",""
"4735f52f-970e-432d-84b3-c08d07688205","Ecole de voile Intercommunale ncpa","Cabourg","14160","Normandie",""
"c267f31e-72b1-4465-ac4b-f84f7012306d","club de voile cmht Hendaye","Hendaye","64700","Nouvelle-Aquitaine",""
"5548edbe-67ee-4549-8796-77ddbf6d2401","Club Nautique de Collioure","Sorde-l'Abbaye","66190","France",""
"c8408819-4741-4b15-9eba-d4a808f4eb17","Benb surf school","Saint-Jean-de-Luz","64500","Nouvelle-Aquitaine",""
"71a2e18d-bc5f-47de-b9ad-8f4770cd9507","Bela gorri /La Voile rouge","Bidart","64210","France",""
"22577fee-2faf-43de-9e81-666cd3047362","UCPA Hyères Externat","83400 Hyères","83400","PACA","83"
"ccf7580f-11b8-4734-a08b-b7633194be35","Marbella Surf Club","Bidart","64200","France",""
"78598196-a678-444c-9e1f-56a7f5c08746","Chapelle Sainte-Madeleine","Bidart","64210","France",""
"368e8137-aea4-44ea-802a-cc72440c5ccb","Esf Gavarnie","Gavarnie","65120","France",""
"fa1ed9cd-110c-4964-b291-1e19fea17c3d","Base de glisse Georges Pernoud - Hardelot","Outreau","62152","France",""
"08abee1c-d92e-446b-9fb6-9a5d9afd72a7","Center Sportif Departemental Boyardville","Oléron","17190","France",""
"131492de-a4ee-471d-a703-14067916d4c6","Caes du cnrs voile","Saint-Georges-d'Oléron","","France",""
"20ed8957-a354-40a0-97c2-70f950bd058a","Yacht Club D'oléron","Oléron","17650","France",""
"3ade9101-931f-436f-84e1-62f04a41d67d","CNCO - Club Nautique du Coureau d'Oléron","Oléron","17370","France",""
"5427b7c3-56ec-48a7-9cb4-3e7f5fa086ec","Pôle France Voile","29200 Brest","29200","Bretagne","29"
"7112e9e1-2de8-42fd-9005-e8941d925314","Cercle Nautique de Fouras","Fouras","17450","Nouvelle-Aquitaine",""
"35c9503c-4a3e-4a20-af98-3b8054d39755","Le Spot Nautique Saint Malo Rotheneuf","35400 Saint-Malo","35400","Bretagne","35"
"775cdbfb-c8cf-4db0-a2ae-a1b9a30fc06b","Sud Nautik","Sartène","20110","France",""
"d1e7dbae-e418-4314-948c-4e05a95b216f","Club Nautique Berrois (voile légère)","Brouage","13130","France",""
"2a175412-b136-4f07-89ef-664ef4acf834","Centre Nautique de SAINT PALAIS SUR MER","Royan","17420","Nouvelle-Aquitaine",""
"bccbde66-eed6-4883-9684-7ee8f24b3de7","Nautical Center Basin De Marennes","Marennes","17560","Nouvelle-Aquitaine",""
"45320cd7-6946-4033-97ff-36e674b87a40","School Of Veil Fcol","Cognac","16710","France",""
"e53e4d2f-f629-488a-ac69-67f4a54b38a5","Le Boat Jarnac","Jarnac","16200","France",""
"44cc2ab2-86a9-495c-a0ef-8a75aae78857","Ecole de Wing Foil et Kitesurf - Carnac Evasion - Spot du Mendu","Carnac","56340","Bretagne",""
"f8bdb100-4887-454a-834f-47b08fd9f4f4","Club Nautique de la Marine à Lorient","56100 Lorient","56100","Bretagne","56"
"87247120-f6a1-453f-980e-449ad7fab701","Jarnac Sports Canoë Kayak","Jarnac","16200","France",""
"0db361d7-4ea5-4224-a6cf-ab51fc63536e","Base Municipal Water Du Ter","56100 Lorient","56100","Bretagne","56"
"8d00b3e2-e9bd-48e1-965d-278304830133","47 Nautik Baden","Baden","56870","Bretagne","56"
"a490095d-8d3a-46f5-b6a3-1836a41975a2","Club Adour Plaisance","Bayonne","64990","France",""
"3647a2a4-b107-43db-b24b-1a8a53a543ed","Base de Loisirs d'Orthez-Biron","Orthez","64300","France",""
"7bfccefd-2079-43b5-b99c-c5f2d91c8d54","Plein Air Ancenien Canoé-Kayak","Ancenis-Saint-Géréon","44150","France",""
"70a110a8-f5cf-4612-a2c2-ee7c87ac6da3","Center Nautique Soeix Oloron Pyrenees Atlantic","Oloron-Sainte-Marie","64400","France",""
"1b02e52c-b03b-4b88-a40c-31bfdbabd59d","Club Veil De Sanguinet","Dax","40460","France",""
"a6f7e650-057e-49e2-b938-1fdc632b7c54","Centre nautique du Cercle de Voile du Cap Leucate","Leucate","11370","Languedoc-Roussillon",""
"b4bbcd95-7899-444e-b995-17b44f612e73","Stade Nautique de Pau","Pau","64000","France",""
"ab6fa764-29d4-439d-8b47-6d7d3428d6c4","Esf Barèges","Barèges","65120","France",""
"93e59c2c-5349-4a22-ac2c-e270b882b0e5","Esf De Barèges","Barèges","65120","France",""
"ef5767e9-45e5-4be0-983d-4495745513d4","ESF CAUTERETS Village","Cauterets","65110","France",""
"cc7fb8ff-b058-4295-bb2d-b53c1dc4c3d6","Deauville Yacht Club *DYC*","14800 Deauville","14800","Normandie","14"
"9c8fd501-b227-453a-b0b9-354f504c28db","PAU ASPTT","Pau","64140","France",""
"c9018bbd-49b9-49bb-bbba-ddd862fbfb53","Complexe Nautique Louis Peguilhan","Pau","64000","France",""
"afa8f87c-f90e-4b3c-b2fa-ee673498b27e","Sailing School De Cherbourg","50100 Cherbourg-en-Cotentin","50100","Normandie","50"
"11e825f4-4a27-4bb2-b33a-fcd5f6036145","Lac d'Aressy","Pau","64320","France",""
"0da59630-080e-48e3-a9d3-dbcedfeeceba","Club Nautique de Wimereux","Pau","62930","France",""
"d3ffb923-718a-41d4-a95b-79b8d6c90a62","La Belle Escapade Pyrénées randos canoë kayak vélo bivouacs itinérance adultes familles entreprises EVJ Pau Pays Basque","Pau","64000","France",""
"f0b5d65a-f413-4f55-a17d-bcc8bbfb09bc","STADE SALISIEN","Salies-de-Béarn","64270","France",""
"bccf2833-38fb-46e7-b67d-feb91b843255","Latitude Voile","26 Bd de l'Océan face au","44500","Pays de la Loire","44"
"e8d7be19-8fff-4023-a82e-84315ef788b1","Crêperie du Moulleau","Cauterets","65110","France",""
"ea69f20e-2ff1-4fc1-81ee-871e22aee7d1","AVCR Association Voile Carry Le Rouet","Cauterets","13620","France",""
"6ca41ff5-c42b-461e-b6ea-122257169009","Centre de Loisirs Hélios","Barèges","65120","France",""
"d73bcc92-7c34-47ce-8548-154b3175c49b","Centre d'Exposition l'Oustau dou Saleys","Salies-de-Béarn","64270","France",""
"29d7dc0f-aecb-4292-b3d7-a3758eac2db6","Ecole de Musique","Salies-de-Béarn","64270","France",""
"a80fa2c7-3062-4bff-bf41-945c76a91f3b","BASE NAUTIQUE Location Pédalo Paddle Canoë","Barèges","65240","France",""
"63a33929-33be-4d7c-8981-55e960ee5647","Yacht Club Boulonnais","Cauterets","62200","France",""
"236a838e-157e-4927-b8a3-3a89d62a0309","Sailing Club De Vitrolles - Cvck","Escot","13127","France",""
"aa962d23-7a35-4952-9b15-5d145a0cedc6","SNOS Voile","44600 Saint-Nazaire","44600","Pays de la Loire","44"
"f18439ed-e14b-41f0-b8cb-756b7e8357c1","Base Nautique Miaille et Munoz","Sète","34200","Languedoc-Roussillon",""
"c7723860-cd2f-43f2-9e4e-158d011ad416","Ecole de Croisière en voilier - Escap' Voile","Escot","83140","France",""
"23fb7ea0-422e-4402-ac4a-f9703bf05dd8","Les Voiles du Marquenterre","Fort-Mahon-Plage","80790","France",""
"67173fe5-f171-4e73-9bc0-83c282de2dda","Sète yact club","Sète","34200","Languedoc-Roussillon",""
"6fd9c5b8-5618-4da2-a9bf-5f7f3777dd9f","Base Nautique Françoise Pascal","Sète","34200","Languedoc-Roussillon",""
"65fbb6b2-1477-4655-8135-7fddd0a1f1b6","Cercle De La Voile D'arcachon","Quai Goslar","33120","Nouvelle-Aquitaine","33"
"fd732e4f-b076-4fe1-9c75-1f1b05cce4f5","Yacht Club de Meze","Sète","34140","Languedoc-Roussillon",""
"0d59f136-98c5-4340-9045-2d75b34fc533","Cala Juntos","Sète","34200","Languedoc-Roussillon",""
"80c8c844-578e-449a-863a-6de3f0d386df","Yacht Club Classique Cettois","Sète","34200","Languedoc-Roussillon",""
"011fa557-2390-4043-b472-46077657e1ad","Cours/Stages - Sailing School Sète","Sète","34200","Languedoc-Roussillon",""
"c225202b-19f2-462a-a235-928515ab54bd","Plan d'eau École de voile Cayeux - APVP","Cayeux-sur-Mer","80410","France",""
"d3e3e01d-654b-43d3-a6ac-1048a26ce576","Voile Latine de Sète et du Bassin de Thau","Sète","34200","Languedoc-Roussillon",""
"99e82f4c-fff4-4e25-9b84-433b72d13b4b","Côté Mer","Agde","34300","Languedoc-Roussillon",""
"52f713fe-ee2d-4082-9115-2b42f8914b3f","POLE FRANCE VOILE LA ROCHELLE","17000 La Rochelle","17000","Nouvelle-Aquitaine","17"
"7eecd071-01a4-4a20-9be3-b7065a828690","Promenade en mer à la voile valinco découverte","Propriano","20110","Corse",""
"586e3dea-fc2c-4af8-aeb9-8db71cdfe8d1","Nomade Voile","La Rochelle","17000","Nouvelle-Aquitaine",""
"4373c792-c018-4c35-a9f1-3ec19c0710a8","Capitaine 200 Meze","Mèze","34140","France",""
"941e7fda-e928-4fbd-9982-dda2d2a82bcc","Municipal Aquatic Center Frontignan","Frontignan","34110","France",""
"a50a193a-eefb-4280-98e0-8413522bc02e","Les Voiles Marseillanaises","Marseillan","34340","France",""
"f34c9bf8-2437-4a51-845a-0b699dbcdec7","Cyclo Club Oudonnais","Oudon","44521","France",""
"3b8ce7d4-60e9-4acb-9540-8a3b8f2251da","47 Nautik Arradon","Arradon","56610","Bretagne","56"
"80024a4f-0f74-4529-bb48-137afb4a4bb1","Les Activités Nautiques Avec Spotyride","Montpellier","39521","Languedoc-Roussillon",""
"fa36121c-9f49-4c6b-a3f4-5371d202d1bb","Base Nautique de Lavalette-Agropolis","Montpellier","34090","Languedoc-Roussillon",""
"2ba5a9dc-bad1-4b16-87cb-abc642146b54","French Sailing School - Yacht Club of La Grande Motte","Montpellier","34280","Languedoc-Roussillon",""
"c50cbf8f-b812-4d11-bfa7-8ea751c3af18","Cercle Nautique de Palavas","Palavas-les-Flots","34250","France",""
"3ba7161a-d499-4dd9-8917-34b20e4df708","Argo Voile du Sud","Palavas-les-Flots","34250","France",""
"2e465d9e-789e-4018-8112-c0dcd4d4d617","Akila Grande Motte","La Grande-Motte","34280","France",""
"d882ccb3-d153-4490-beff-57248c1f6ae8","47 Nautik Sene","Séné","56860","Bretagne","56"
"ea2c7f29-1379-4a2a-ad9e-a1c381e9fbc2","Club Nautique d'Istres","Istres","13800","France",""
"19e80df1-c5ad-41a7-b024-c579291dd92c","Thalassa Cup","Grau-du-Roi","30240","France",""
"6c274df9-4dd0-4128-9011-f33982929fd8","pinarello sailing and kite school","Centuri","20144","France",""
"df4ab8ec-7dcc-4e40-8b75-00db6becf272","Marseille Marina","Marseille","13008","PACA",""
"f137983b-c287-4f76-8ea6-e98837efe767","Valérie Fumat Monitrice de voile Skippeuse Skipper","Montpellier","34090","Languedoc-Roussillon",""
"8251cdd5-8893-47c2-bcf3-51af139f970c","La Voile","Grau-du-Roi","30240","France",""
"996bf0ad-0849-48a0-82f7-e036ee79d509","Base Nautique Intercommunale","Grau-du-Roi","30240","France",""
"3da6c3b4-5890-4d97-ac71-1c010a6c2ddf","NAVASANA - Ecole de Voile et Yoga.","Ajaccio","20000","Corse",""
"5354fbde-1a27-458e-96f6-a3fa8e72c0ea","""Régatez-Vous !""","35400 Saint-Malo","35400","Bretagne","35"
"55408e60-b433-41a4-b39f-0d599985fb81","Sailing School Habitable Association 4ème Cap","Arles","13800","France",""
"b09fc2ee-8a92-4142-bbaa-a6ce806c1bff","Jet Roi","Grau-du-Roi","30240","France",""
"0a3529da-c0a8-4be9-b577-92c98cfb0880","Boat School Du Port","Port-Vendres","66660","France",""
"6e3c8632-57b6-4b53-8720-6487790a721b","Club Sea Nice","06300 Nice","06300","PACA","06"
"5a1fea21-ea4c-42f9-88bc-d3c4d0cf3f15","Association Nautique de Cerbère","Cerbère","66290","France",""
"a7de1603-baef-4aa9-af20-e3090d0c8948","Base Nautique St Chamas","Arles","13250","France",""
"2c28db50-29e9-4da6-beb2-894d7cbc3cf3","Cercle de Voile de Martigues","Arles","13500","France",""
"92f50458-1c4f-43b8-94ae-7a28413d88e3","Pole Nautisme, Sea & Development","Port-Saint-Louis-du-Rhône","13230","France",""
"c4889290-2757-492a-885a-b380d8441d52","Club de Voile de Saint-Quentin-en-Yvelines","Arles","78190","France",""
"cf8ebef0-fd5c-4797-a714-5ee1c675bafc","La Voile D'or","Port-Vendres","66660","France",""
"05a28496-5f05-49e5-ac5e-bd3b8f067c34","Cercle Nautique de Banyuls-sur-Mer","Banyuls-sur-Mer","66650","Languedoc-Roussillon",""
"bb6d3298-29d3-4eb9-b70d-3de18047f18e","Wind Oléron Club École de char à voile","Oléron","17550","France",""
"0c8e34fd-22b3-4b63-a8bc-dc18a0187829","Surfing Courant D'huchet Surf School","Moliets-et-Maa","40660","France",""
"e2332147-2e8a-4d80-89e2-ca41d6af76e7","Gruissan Yacht Club","Gruissan","11430","Languedoc-Roussillon",""
"5c8d8a0a-72a6-4ae3-a656-5ca2347acc21","Cercle Nautique Barberousse","Gruissan","11430","Languedoc-Roussillon",""
"d27e3535-dd15-4b6d-9075-848a02b202f8","Form'marine","Argelès-sur-Mer","66700","Languedoc-Roussillon",""
"6f5c9c39-4226-4569-804e-31bfdeb634c4","Lcsailing","Argelès-sur-Mer","66700","Languedoc-Roussillon",""
"050a0c9e-aca0-49b6-86e7-69894a77a5c6","école de voile - Restabern","Port-la-Nouvelle","29920","Languedoc-Roussillon",""
"73ec9b1a-13db-44cc-bc00-7c1ec21e9b02","Gruissan Sailing Center","Port-la-Nouvelle","11430","Languedoc-Roussillon",""
"25bdddd7-9b98-4537-b766-29502b3c02de","Mortefon Watersports","Port-la-Nouvelle","11210","Languedoc-Roussillon",""
"b80a4347-b37b-46fc-b9a9-63f26fdbc28d","Club Nautique Portois","Port-la-Nouvelle","97420","Languedoc-Roussillon",""
"45b046ba-5dbf-4b51-99e6-45a1461410d2","Centre Nautique du Tréport Sensation Large","Mers-les-Bains","76470","France",""
"b5253595-79de-4348-9fb1-666a25a5de23","YACHT CLUB","Saint-Cyprien","66750","France",""
"0cd55e39-771a-4007-9ad1-c074d8fb0915","Vieux-Boucau Surf Club","Vieux-Boucau","40480","France",""
"823f9746-1811-46b9-a308-5b2723806c1f","École de Voile","Leucate","11370","Languedoc-Roussillon",""
"89c7c79c-7fb2-4c12-8638-64ae0e3adfba","Les Voiles Blanches","Canet-en-Roussillon","66140","France",""
"2e5565cb-81c1-4327-95ef-431e5b1f6c51","Club Nautique Aleria","Aléria","20270","France",""
"d4047194-6e75-400f-b2c3-0e5d095b8ceb","Club Nautique de la Baie de Somme","Le Crotoy","80550","France",""
"3a660390-b51b-42fb-95dc-34cbefb7f95e","Voile et Co","Rue","13013","France",""
"9198b993-4f52-44e2-b5a8-fc7613a3dc00","Sport Nautique Abbevillois","Abbeville","80100","France",""
"3ea8f6af-570f-4907-9666-7d43f55f0a5e","La Voile Verte","Vendres","34350","France",""
"23cabd02-a97f-4bf8-93aa-78b9161c7d10","Les Passagers Du Vent","Plage de La BAULE","44500","Pays de la Loire","44"
"36e621df-7c16-4236-8edb-8cfd4222e3e0","Espace location 34 JetRando34","Vendres","34350","France",""
"14a94ce2-c672-4281-b0e4-3f221ad02bb6","Port du Chichoulet","Vendres","34350","France",""
"741bdd23-e44d-4a66-9922-ece6a9df6d85","École de voile estivale du 1er juillet au 31 août","Vendres","34350","France",""
"924789df-7724-43fe-84ef-a40b7c14d799","Club Ff Voile","Lézignan-Corbières","66140","France",""
"a0018fcb-44f7-40cd-b41b-b3cbd4e716cb","Vent de Marseille - École de Voile avec Piero","Marseille","13001","PACA",""
"5d896460-f37b-4f34-a640-0d2ec51bd4b0","Alan Wind&Surf School Hire Planche À Voile / Surf / Paddle / Skate","Le Barcarès","66420","France",""
"5bc75a08-711b-4bf1-8ab5-ef47bff442db","Wishbone Club Dinard","35800 Dinard","35800","Bretagne","35"
"5127c326-69b2-4a3d-809c-abec05623e94","Centre Municipal de Voile","Marseille","13008","PACA",""
"80e022ca-8142-41e3-98e2-5c3d7f7563d1","Base Nautique de Corbière - CMV","Marseille","13016","PACA",""
"e9ce02e2-23aa-4aea-8e6a-ed778cd2cf9c","YACHT CLUB DE CASSIS","Cassis","13260","PACA",""
"878578a4-77a4-46bb-b962-aea96fc26322","Société Nautique des Mouissèques","Maury","83500","France",""
"73860bd4-243f-4d24-ac0a-20da37d29a8d","Windsurf park","Montpellier","30240","Languedoc-Roussillon",""
"b2b5f445-669f-4f9f-ad3b-a075984a7ed7","Centre Nautique Municipal Palavas","Palavas-les-Flots","34250","France",""
"63559800-c123-4f9a-a56a-d8910f28ced2","Yachting Club des Calanques de Cassis","Cassis","13260","PACA",""
"dd45202b-46be-46ee-b842-c9d6d9179d2f","UCPA croisière Méditerranée","Toulon","83000","PACA",""
"07b553ae-caa6-41ee-9413-829977db9470","Yacht Club de Bayonne","Bayonne","64100","France",""
"ba12b26e-d721-46dd-8269-a433447d0c31","School Of Kitesurf - Yellow Kite School Pour Learn Ou Se Perfectionner En Kitesurf","Hyères","83400","PACA",""
"a42caec5-62b5-4189-8681-45ee09f90d72","WELCOME SURF SHOP HYERES","Hyères","83400","PACA",""
"890a3a4d-3251-4dd3-a7bb-2d0028658d03","Neptune Club","La Ciotat","13600","PACA",""
"6eb49f7f-4b90-4048-b9dd-eab860d79337","Club Nautique Voile d'Aix les Bains","Sainte-Adresse","73100","France",""
"db4c7008-67ce-4bf3-9189-4dfa163b6415","Cercle de Voile de Sète","Sète","34200","Languedoc-Roussillon",""
"45f67572-8d23-4af1-b050-220b16aca69c","Iléo Nautisme Porquerolles","Hyères","83400","PACA",""
"438bf39d-115f-49d3-9221-5bb93ae83aa2","Porquerolles Yachting","Porquerolles","83400","France",""
"b4bd13d2-d6be-48c0-a9ee-7e7b0761a4ad","Base Nautique de Cogolin","Saint-Tropez","83310","PACA",""
"db29ecbd-d9b5-4074-90ae-065dee79c326","Point Location FFVoile Cavalaire","Rayol-Canadel-sur-Mer","83240","France",""
"91274bd9-5b39-4172-9aa6-bf03d9ac8882","Regates Royale Cannes","Cannes","06400","PACA",""
"16165eff-84f7-4daa-838a-e0ceb14784b2","La Grand Voile Brasserie Restaurant","Rayol-Canadel-sur-Mer","83240","France",""
"99f35023-2041-4225-82c0-dd552266e9b2","Aqua'Gliss Base St. Aygulf / Fréjus","Saint-Aygulf","83370","France",""
"fc7279e1-292d-4cc0-a0b9-8349c14c9da2","Societe Nautique De Bayonne","Bayonne","64100","France",""
"da99b1c7-3f7c-4415-af22-b6ab4d8f51f7","Spot de Kite de Saint-Aygulf","Saint-Aygulf","83370","France",""
"b83ef908-bfc6-4595-8748-af5e3a1b2df6","☀️Green Ride School☀️, Cours De Wing Foil, Parawing, Planche À Voile,","Fréjus","83600","France",""
"1faeecf6-3254-4f73-9a61-4962189a0709","Club la Pelle","13008 Marseille","13008","PACA","13"
"e6427ac9-927c-4565-b9c4-54cc02a2d01d","cannesyachtingclub","Cannes","06400","PACA",""
"c663d514-05c7-419b-be4e-043646cc492c","Kite Surf Evasion","Saint-Aygulf","83600","France",""
"769cc86a-a3d5-452a-92f9-56d6e28bcea6","Base nautique de la plage du Martinez","Cannes","06400","PACA",""
"eb121909-c9e4-4553-9711-8f8fadfb0796","Water Sports Valericain","Saint-Valery-sur-Somme","80230","France",""
"6e16669b-73f8-46df-82a9-50fddc547e42","Belharra Watermen Club | Centre de formation | Club Sauvetage côtier","Saint-Jean-de-Luz","64500","Nouvelle-Aquitaine",""
"b3133e36-9781-4344-ab76-7e91464ef338","Point Location FFV Voile Kayak Paddle E-foil","Antibes","06600","PACA",""
"f5295990-cfc0-4f31-a0bb-b1a2c8e4d952","Convoyage Yachting Cannes","Cannes","06400","PACA",""
"b4a0ff43-ba15-450f-9733-c3bb121f2c94","Cannes Stand Up Paddle - Kayak Evasion","Cannes","06400","PACA",""
"058c62dc-b699-43ff-a999-bfdb16e2b1de","Yacht Club Antibes","Antibes","06600","PACA",""
"9acc8dac-4030-4139-9998-d58601e0014c","Cercle Nautique PLN","Port-la-Nouvelle","11210","Languedoc-Roussillon",""
"21531d0d-a9f4-4d19-8b19-b595f85531ca","Base Nautique Théoule","Théoule-sur-Mer","06590","PACA",""
"2138f651-f94b-4d90-bf5c-bd57dfc92c02","Sports nautiques - Golfe-Juan","Vallauris","06220","France",""
"f2de8ada-0075-4f50-899a-549c2c9b10d1","Sweet Escape","Vallauris","06220","France",""
"7921887b-9b20-4115-9b2e-b09f284c3130","Cercle Nautique de Cap D’Ail (CNCA)","Cap-d'Ail","06320","France",""
"0c3480b6-ec4f-4375-be11-ffdf5567d338","Nautical Club of Golfe Juan","Juan-les-Pins","06220","PACA",""
"8c48bda9-2125-41b0-bea0-b9162a12ca36","Centre International de Séjour Iles de Lérins - Cannes Jeunesse","Îles-de-Lérins","06400","France",""
"2bad89c5-8ce0-4ddd-ba50-7170d0d9e794","Club Nautique de menton","Menton","06500","PACA",""
"20795f79-48de-4bdc-b71f-7b5fe65826aa","Les Îles de Lérins","Îles-de-Lérins","06400","France",""
"b27ca11a-d786-4e20-b50e-57a8e5361886","Nautical Center De Plouhinec","Plouhinec","29780","Bretagne",""
"1af44737-a258-4ee8-86dd-72f9efd47b02","L’échappée belle Bunifaziu - Ecole de voile","Bonifacio","20169","Corse",""
"d8f628a5-0fc3-4ee5-8b3b-e70ed754d62b","SPCOC Canoë Kayak du Loup - Côte d'Azur","Vence","06480","France",""
"d47e029a-8210-4cb9-9179-e72e8b791e4f","Santa Giulia","Vence","06480","France",""
"bbc517fc-c2d4-467c-b71d-79d0c5ee168f","Complexe Sportif René Doriant","Montreuil","93100","France",""
"4ec948af-e78c-45d9-8371-72fb24352070","TackSail – École de Wing Foil & Foil Tracté","Vence","06700","France",""
"346e9b71-03b0-4843-b68b-63b7a67c9c6e","Voile A La Carte","Grasse","06130","PACA",""
"25c7acd2-fd35-498e-8a73-8e34bb8d9786","SoFreshYachting","Mougins","06250","PACA",""
"9f70c530-5ad7-4f2e-824e-1124c8cd383a","L'envol en voile","Mougins","06410","PACA",""
"98720db3-d776-4da4-afbe-d89c4df0a67a","Port-Cros","Île-de-Port-Cros","","France",""
"4fa25e46-628c-4acf-ad27-e2c78e84cd62","Vif2a Ecole De Croisière Voile Habitable","Vence","20090","France",""
"bb162d30-047b-485f-8f1a-f9b0184c9872","Boat Loisirs Plus","Le Cannet","06210","France",""
"f5669df2-d6f5-4279-86c9-3d12cd11e001","Association ASPTT Voile Croisière","Ploemeur","56107","France",""
"c27ad233-f780-4dc8-baed-fc3c6f915f5d","Club Nautique Tramulimacchia Corsica Wingfoiling School","Aléria","20137","France",""
"d8978740-32dc-4af8-ba0f-da704fa1d741","Allée du Club de Voile","Lacanau","33680","France",""
"6a580fef-ee84-4c7f-b27e-bb6483424654","Les Voiles D'Azur - Groupe Odel","Londe-les-Maures","83250","France",""
"3f415d56-4968-4e0c-9d5c-395b7976e814","Arcachon Wind School","Gujan-Mestras","33470","France",""
"c248e8db-21d3-48bb-ac07-b745968f20d1","Bessan Aventure","Bessan","34550","France",""
"6120d163-96b8-48d0-9d8b-cd12e8211139","Latitude 43","Montpellier","30240","Languedoc-Roussillon",""
"996e28c0-fac6-4b81-933d-982b5f091cf5","Cercle Nautique du Ferret","Lège-Cap-Ferret","33970","France",""
"24035aa8-5179-44b6-b77e-de86985df3af","Cercle Voile Cazaux Lac","Gujan-Mestras","33260","France",""
"7c48984d-52a5-4672-9dc0-3b7335592d3e","Playa Watersports","Vias","34450","France",""
"2463fee6-290c-4ac0-973c-72f76462cd74","Club Nautique de Claouey","Lège-Cap-Ferret","33950","France",""
"cc2f3030-2b4f-4064-b2b1-102f5642999f","Centre Nautique Arinella","Bastia","20600","Corse",""
"b9712163-2638-47dd-9203-2074a3361753","Centre Nautique Valinco Propriano","Propriano","20110","Corse",""
"5f73691e-d052-4f30-9cd3-624237b37e14","ISULA VOILE FORMATION","Ajaccio","20090","Corse",""
"a0ce43c3-2848-482a-9af9-73f59929c9f6","Output Voilier","Ajaccio","20090","Corse",""
"b976668d-a000-4015-b560-a23b5d9f1106","Ecole de Voile Isula Vela","Ajaccio","20090","Corse",""
"22bf6817-cef9-4993-956a-bcfb21af1696","Bonifacio Windsurf","Bonifacio","20169","Corse",""
"fdefe55a-96a6-461c-ab29-5304aa5d1080","Loca Valincu location bateaux","Propriano","20110","Corse",""
"630f4b16-e91c-43f7-b362-d264eb076b1f","Base Nautique Ile Grande","Lannion","22560","France",""
"ef99b099-7e66-46fa-9201-bf8d03e4b467","Club Nautique","Macinaggio","20247","France",""
"8ab84c35-1840-44b9-b803-7e35c591b024","LOCANAUTIC","Propriano","20110","Corse",""
"7e4472c1-571c-4f85-9e6d-bcf7450168a0","Corse voile location","Propriano","20110","Corse",""
"66acd6bc-b46c-4a3e-9e83-3649767a6681","Eole Figari","Solenzara","20114","Corse",""
"9620b9a7-ac7e-48dc-9c1b-9a1b428cdafc","Résidence Les voiles blanches","Solenzara","20145","Corse",""
"d0103996-ef5e-4896-b084-43a625454ac3","Voilier Lina-Lesia II","Solenzara","20145","Corse",""
"f930d1e4-1bb8-411b-b8cb-dcfb6be47c34","Plage de Canella","Solenzara","20145","Corse",""
"a3851f7d-8fe6-4d5e-b237-7d0238be0358","Nautilclub - Sailing school and adventure","Dax","40160","France",""
"15a2f692-15be-450b-beff-630f34aaf97c","Cape D'aventure","Centuri","20217","France",""
"45b5fb3d-c986-4873-bb2f-c72adfcf2587","Lolly Loops","Centuri","20137","France",""
"37a5687a-9d31-4b41-aa5a-234393888460","Bateau Ecole Du Val De Seine","Les Andelys","78480","France",""
"cbfd6d7b-fda0-49b5-b9d9-a1fc56dd4e05","CHANTIERS NAVALS DE CALVI","Lumio","20260","France",""
"ccd3830a-35ea-426c-b308-5be6d04c963c","Roya Nautique Club","Saint-Florent","20217","Corse",""
"7bfc9fd5-1f47-494c-9ddc-599bb005b9c7","Centre nautique Porto Pollo","Sartène","20140","France",""
"386c171c-7dc6-425d-8ff4-2a8fc8decb5d","Ef Voile","Levie","20260","France",""
"d9a5b629-26c3-49da-969c-795465645cc8","corsicawing","Levie","20260","France",""
"fc6c2802-e30d-418f-8142-a9946e5d63c1","Club Aveol","Corsept","44250","France",""
"c8ca7ff4-ac04-4700-a427-9712a932372c","Cercle De La Voile De Dieppe","Dieppe","76200","Normandie",""
"8a41ed6c-5c08-442c-9486-11036a634f80","WingBox, eFoil et wingfoil","Balagne","20220","France",""
"fe6126e9-2372-4fe8-9400-b76003b816b7","Club Nautique du Pays d'Aurillac CNPA","Saint-Lô","15150","France",""
"88496ca9-ccfa-41e9-a352-c74463d8de33","Center Nautique Porticcio","Vizzavona","20166","France",""
"b4c495fd-9b35-4e22-8be8-1b247e9742d0","Isula Parasailing","Balagne","20220","France",""
"3eda8ac6-d3d4-4093-9079-71f174950212","Centre Nautique De Bauduen","Corti","83630","France",""
"d2a850e7-d256-4e8d-9a47-a177aaba21d4","Club de voile Sport Nautique Andernos","Andernos-les-Bains","33510","France",""
"e3209206-cae3-44a3-8ff6-ae50f2ec6b74","Les Glénans Base De Bonifacio","Îles-Lavezzi","20169","France",""
"f1d75202-a6e6-4710-8e77-b47dde7eb1fd","SLB GALERIA - LOCATION BATEAU SCANDOLA - RESERVE DE SCANDOLA - GIROLATA","Scandola","20245","France",""
"e93dd000-17c9-46a4-9621-88996bf1d788","Plage d'Arone","Plage de Arone","20115","France",""
"a4dc0dd6-36ff-46b2-b440-65ca24c9959e","#CLBS Galéria - location bateau Scandola Galéria Girolata Porto Piana Calvi","Galéria","20245","France",""
"ca348e2f-8c31-4f15-b53a-682c8fbe0e8d","Réserve Naturelle de Scandola","Scandola","20245","France",""
"3f2d4d40-1153-4caa-a0b2-d46ab61cdf7e","Club Nautique de Chanteloube","Réserve Naturelle","05230","France",""
"e0a30fd0-eb7d-437a-a550-f3bc474125d9","Almanarre","Réserve Naturelle","83400","France",""
"b0b11cef-d4f4-4282-8ded-e11531dd8d1c","Waterplay Campomoro centre nautique","Punta di Campomoro","20110","France",""
"c1b63f4b-63b7-415e-ae7c-b7403b5352fc","BEACH OF CAPO DI FENO","Capo di Feno","20000","France",""
"0d94bd7f-0104-4676-9b56-36c88df44647","L'air Du Large","Montpellier","34110","Languedoc-Roussillon",""
"969e1a3a-8d41-480d-a13b-9bfb5d78aa91","Le Goeland Promenades en mer Porto","Golfe de Porto","20150","France",""
"277702c6-160d-4693-b108-ab1ae533381a","La Petite Voile","Le Touquet-Paris-Plage","62520","Côte d'Opale",""
"4870d9fb-ca55-4736-b5b3-f0393d7f57fc","Les Drakkars","Hardelot-Plage","62152","Côte d'Opale",""
"9dfcc6cf-8cf3-4b9f-9523-00ec262033c6","Base nautique municipale de Port-Saint-Louis-du-Rhône","Arles","13230","France",""
"6a56f516-2321-4021-94a0-2914831819f0","Centre Nautique de la Manche Bertrand Lambert","Le Touquet-Paris-Plage","62520","Côte d'Opale",""
"a2470cfe-bd51-4b9e-84d2-0ee9546de202","Base de Char à Voile","Calais","62730","Côte d'Opale",""
"84059baf-f242-478f-a53a-33120ac00e9e","Nautique Seine","Montreuil","92310","France",""
"78f5d207-210d-45f6-8247-b3eac11c573d","Le Spot Nautique Guidel","Ploemeur","56520","France",""
"2cce3c24-80cc-4cb3-b942-ec902bb3a436","sailing and leisure center Tom Souville","Montreuil","62231","France",""
"a0ddb70c-f2e9-4191-958c-e9d67804b641","Calaisis Yacht Club","Montreuil","62231","France",""
"ae3b0043-9568-48fe-bebc-649163192d44","Unca Club Nautique Et École De Voile","Montreuil","74000","France",""
"aba7d649-db6d-49bd-a48b-65f6a7fedcba","CVO Cercle de Voile de l'Orb","Vendres","34350","France",""
"156a5deb-b11c-4471-9094-9ac881fa1d34","School Of Cruise Veil Habitable Le Vent Des Vies","La Rochelle","17000","Nouvelle-Aquitaine",""
"003387df-a9bc-4648-bda2-1dc6e3739f79","Dolphins Club","Dunkerque","59140","Côte d'Opale",""
"62579554-a5cd-4559-bfae-1f7c4f2d5696","Dunkerque Yachting Club - DYC","Dunkerque","59240","Côte d'Opale",""
"d5c28640-15f6-415c-ae72-6c3c985b3c84","School Sailing De La Licorne","Dunkerque","59240","Côte d'Opale",""
"5f82135b-c086-430a-ae7a-c66c73e3b1b3","GGVLS","Gravelines","59820","France",""
"91a23dcb-7805-441d-a224-5720011c1bf0","Club de char à voile. LES ALBATROS","Dunkerque","59240","Côte d'Opale",""
"4f194a74-803e-4d83-ab4d-7cd5e129a016","Yacht Club de Bray-Dunes","Zuydcoote","59123","France",""
"4af2cdf9-1f2d-4c70-a9c4-d71947a69065","Jules Denel Riding Academy - École Windsurf & Wingfoil","Wissant","62179","Côte d'Opale",""
"71caa792-d0c0-47c4-bc11-1d36db7ba966","Modélisme naval et Voile RadioCommandée (VRC) Gravelines","Gravelines","59820","France",""
"20a9bb36-e235-4750-9cce-29fcf52a5eba","Cercle Nautique d'Equihen-Plage - Mise à l'eau bateaux - Descente à bateau","Outreau","62224","France",""
"8c7a4d12-50df-4cff-aabc-c5d333632f10","Centre Régional De Voile Wimereux","Wimereux","62930","Côte d'Opale",""
"40c1e58e-8583-4d21-9949-ea7ad99a54d4","Base Nautique de Wissant","Wissant","62179","Côte d'Opale",""
"4bd78799-aed1-4c55-86c0-f1b250b8d69d","USG Char à Voile Gravelines","Gravelines","59820","France",""
"7afa6bfb-d5b7-417d-b8bf-226f90b922ce","Les Islandais - Club de Char à voile","Gravelines","62730","France",""
"afb773ff-43c7-410e-87f9-da180a057a52","Koksijde Yachting Club","Koksijde","","France",""
"09a23918-ecc1-4cf0-82bc-16588f4fb41c","Alpha Plaisance","Vallauris","06220","France",""
"1a9c35c6-ffba-4b23-b0bb-c802a84ed2e6","Vzw Sycod (SPORTWERKING)","Koksijde","","France",""
"03f38611-cf6c-42af-83f8-3e9cd831fbe8","Royal Sand Yacht Club","Koksijde","","France",""
"1029b08a-ba27-4b0e-8c64-9db24b7ae3e2","GoAndSail","Koksijde","","France",""
"3fe7c15f-9297-471f-8762-e7fb4b597e3b","Club Canoë Kayak Picquigny Vieille Somme","Ailly-sur-Somme","80310","France",""
"dc39c41d-6511-4d53-8cc4-27393d3a745a","Ludair, ULM à Abbeville. Baptême et école de pilotage","Abbeville","80100","France",""
"cb7e85a9-f702-40e4-b65e-b6d39b5b752e","Base nautique Saint Sauveur UFOLEP","Ailly-sur-Somme","80470","France",""
"11051818-8516-451d-8570-f3f2d6ca0f3e","Association Voile de l'Ailette","Picardie","02860","France",""
"39bde606-184f-47be-aea6-3636bba0aa67","Cercle Nautique de Beauvais","Picardie","60000","France",""
"07b2a75d-af11-489d-99f0-ba62fa2cbd64","Centre Nautique Municipal","Salon-de-Provence","13300","France",""
"617c5adb-069b-4dc7-a275-3c03732c0744","Club Nautique Oise","Picardie","60820","France",""
"3ebc146b-ae1d-4d60-946e-4db0381f23f6","ASPTT Marseille Voile","13008 Marseille","13008","PACA","13"
"110c7343-a58c-4963-8fe0-83df82ca380c","Tactique Voile","13006 Marseille","13006","PACA","13"
"8184eb60-d5e0-4283-8a95-861e91d195d3","Girolata, l'école de l'autonomie à la voile @ Marseille","13007 Marseille","13001","PACA","13"
"563f0b21-61d9-451d-8537-d7e537865431","Société Nautique Estaque Mourepiane","Plage de l'Estaque","13016","PACA","13"
"a0d89e7a-a301-47bc-ab96-acebf9f47889","Yacht Club De Toulon","Toulon","83000","PACA","83"
"be0be443-3eda-4e81-88bd-59defc98dd8c","Base nautique du Béal - Cannes Jeunesse","06150 CANNES LA BOCCA","06150","PACA","06"
"c797621f-6bae-4b8d-9e67-5596d59e5584","Shakaa School - Ecole de Wingfoil, Windfsurf & E-Foil","364 Bd d'Alsace Lorraine","83400","PACA","83"
"2b40b084-84cd-4274-b471-3ce7a466baf2","Spinout France","83400 Hyères","83400","PACA","83"
"06260ed4-01f1-497d-abec-dbaa98fecc6a","Water Sports De Porquerolles - Ivrith Valli","Chem. de la Pointe Sainte-Anne","83400","PACA","83"
"4471cf61-96ce-4552-9b3f-c20efd3af506","Kraken Sports Nautiques Var","83400 Hyères","83400","PACA","83"
"d3668329-0456-4719-a3b4-2405859b5e29","L'Iceberg","Local de la capitainerie","83400","PACA","83"
"6653dddb-65f1-4184-90a7-f9c120ef33dd","Canoe Kayak Brestois - CKB","Port de Plaisance du Moulin Blanc","29200","Bretagne","29"
"0e2cef00-064e-48ee-af16-27942354390c","Yacht Club Villeneuve Loubet","06270 Villeneuve-Loubet","06270","PACA","06"
"568a3fef-e9dd-43bc-a2c4-d6e18ff49428","School Navigation French Nice","06300 Nice","06300","PACA","06"
"ae678b6b-63b5-4d33-85e5-e8ce30a25e51","Société Nautique de Toulon","83000 Toulon","83000","PACA","83"
"708959cb-2916-48f3-bc0d-96a6359fafe3","Euro-Voiles","83400 Hyères","83400","PACA","83"
"3a5d38cc-072a-4903-b654-56c1905cb26c","Nautical Club of Sainte Maxime","83120 Sainte-Maxime","83120","PACA","83"
"a2f2795a-0ac6-4b3c-ab5d-c0d4bbc8ad99","Ecole de croisière Cap Keltiek","29200 Brest","29200","Bretagne","29"
"6a40e53e-e70e-4fa6-9fff-2052195a38b5","Société Nautique de la Baie de Saint Malo - Bon Secours","France","35400","Bretagne","35"
"c41a6ddc-5903-4239-bbaf-a54a4dc4c7c0","Veil Du Temps School Of Cruise","29200 Brest","29200","Bretagne","29"
"7642bde5-a3ce-4aa2-844d-071058ba5e43","Société Nautique de la Baie de Saint Malo - Voile Habitable","35400 Saint-Malo","35400","Bretagne","35"
"8fa077cf-2e81-4066-b3fc-4c6224a4462d","Le Spot Nautique Saint Malo Bonsecours","Plage de Bonsecours","35400","Bretagne","35"
"434e8820-1d26-4883-b6aa-c8f7105dd489","Comité Départemental de Voile du Morbihan","8 Imp. Surcouf","56450","Bretagne","56"
"02836cf5-b193-4664-82a2-4467aa338fcb","Concarneau Veil","29900 Concarneau","29900","Bretagne","29"
"4f03ff70-c6cb-4d64-9a11-6eace02ab24a","Les Glénans - Base de Concarneau","29900 Concarneau","29900","Bretagne","29"
"cdca9b43-e970-48c7-abcf-121b31f151ea","Club Nautique Les Amis De Conleau","56000 Vannes","56000","Bretagne","56"
"0cc50363-1ce2-4817-8306-dd43806e1090","Voilier Morbihan","56000 Vannes","56000","Bretagne","56"
"16ddb0e8-2043-4dee-a04c-6fd1efe8b5c7","Cruise An Avel","56000 Vannes","56000","Bretagne","56"
"d7e7e608-7e3f-42d4-86cb-9cd6fce2814f","iliens, la navette qui met les voiles","56170 Quiberon","56170","Bretagne","56"
"4339a944-5e27-4716-8bc0-819b5061c5ab","Nautical Club of Trouville C.N.T.H","14360 Trouville-sur-Mer","14360","Normandie","14"
"f8a152c4-a4b0-42e3-8e46-427f4fea5745","Club nautique marine Cherbourg","50100 Cherbourg-en-Cotentin","50100","Normandie","50"
"08975e49-2f33-4263-b1dc-4ba9a4d7d9cc","École de voile Eole","boulevard de l'océan","44380","Pays de la Loire","44"
"4ea8cc0d-a086-491a-a02c-b2f8339a8600","Cercle Nautique Cassis","Cassis","13260","PACA",""
"ad39d691-9534-4889-a1bf-a43db56d8795","Les Alizés Space Veil By Life Attitude","44500 La Baule-Escoublac","44500","Pays de la Loire","44"
"65a485b7-ba3b-46a7-aa24-69202853e563","School Sailing Water Sports Yagga Ffv","44380 Pornichet","44380","Pays de la Loire","44"
"78c26598-fd97-4daf-a75e-cc788e3c44f5","Ecole de Voile La Rochelle - Sail Away Voilier et Croisière","17000 La Rochelle","17000","Nouvelle-Aquitaine","17"
"04063e48-0052-4710-a66c-d9f39e7e832f","School Cruise","17000 La Rochelle","17000","Nouvelle-Aquitaine","17"
"cee0977e-1977-47d8-915e-93d6ee5d92a9","CNSN - Club Nautique Saint-Nazaire NANTES","2bis Av. Albert de Mun 1901","44600","Pays de la Loire","44"
"11594762-fd7f-4009-8d47-7c2d798fcd4c","La base nautique du skate park","44600 Saint-Nazaire","44600","Pays de la Loire","44"
"494f7aca-5bec-42d6-8bbc-7b0edc8abe09","Boat School Azur La Londe","Londe-les-Maures","83250","France",""
"7fb775ba-1f8c-49a7-abe3-eb9af640ce49","Company Des Régates Rochelaises","17000 La Rochelle","17000","Nouvelle-Aquitaine","17"
"6c62db09-f7cd-4fae-be71-79c9e3436982","Cap 248 La Rochelle","17000 La Rochelle","17000","Nouvelle-Aquitaine","17"
"5c252502-1fdc-487d-81c8-ae0fb8ba9660","Association Voile et Avirons dans les Pertuis","11 All. Léon Douzille","17000","Nouvelle-Aquitaine","17"
"ff51b59a-2464-4bd5-a93d-d021a10e3c22","Le Spot Nautique Saint Philibert","Saint-Philibert","56470","France",""
"02b99e99-6783-4fca-a174-c7f37e8ab2ec","Dinard Nautique, école de voile","Dinard","35800","Bretagne",""
"9082a5a2-3bc8-449e-ad41-1f4a6f11666f","Portsall nautique","Lampaul-Plouarzel","29830","France",""
"9bd65dc1-37cb-4d6b-ab6a-d79966bc2c8c","Base de voile","Longeville-sur-Mer","85560","France",""
"a3a3d00f-9078-4705-8ba9-986fc857eb21","Mistral Evasion - Moniteur de voile - Ecole de voile - Stages de voile - Croisière en voilier","Télégramme","83150","France",""
"9236524b-af00-460d-aa5b-d4040e16cb90","Kiwadu School De Surf","Seignosse","40510","France",""
"dc2cfb25-8832-43ca-bf28-48fd623c559d","l'association Cercle Nautique de Paimpol","Paimpol","22500","Bretagne",""
"99bcbcea-c034-4514-ba17-77d85f7607df","Club de la Voile","Villefranche-sur-Mer","06230","PACA",""
"4d7bc543-15b6-4ca2-ab2a-fc86d38ac4d6","Bordetavoile","Lanmeur","29241","France",""
"7624e055-505a-4c74-849d-e566067dcc01","Skipcool, école de voile et croisière. Balade et sortie en mer","Capbreton","40130","Nouvelle-Aquitaine",""
"b57a4b5e-70c8-4771-8574-8bcbfab1aab6","Beneteau Commequiers","Challans","85220","France",""
"e6320d3d-bc19-47ba-ab99-6927faa5ca2d","Société Nautique de Sanary","Télégramme","83110","France",""
"167bb55a-796a-4858-b01a-3091821517ee","School Rochelle D'habitables","La Rochelle","17000","Nouvelle-Aquitaine",""
"52ef2ba4-05e9-4984-9032-aaca4c291af6","Centre Nautique Municipal","Ancenis-Saint-Géréon","44240","France",""
"cea44963-df79-45eb-b916-bedfaadfb6da","Nautic Club Médéen","Salon-de-Provence","13220","France",""
"78aef530-e2c0-4d67-bfc5-e303c905bebb","Les Glénans Base De L'île D'arz","Morbihan","56840","France",""
"b9d3d675-021a-4cd9-a415-88dbc0cad916","Jarnac Athletisme","Jarnac","16200","France",""
"a8c23cbd-5a54-4a56-b2ac-36f148b5881b","Base Nautique de Fort-Mahon-Plage","Fort-Mahon-Plage","80790","France",""
"5be51ff8-370c-4c63-bda6-927144ecb6c2","JARNAC SPORTS GYMNASTIQUE","Jarnac","16200","France",""
"7c6508e6-6deb-4e3f-9397-a36308cd8a77","Watersports Éric Tabarly","Cognac","16710","France",""
"5b6e221f-aa95-4f1f-828b-966ae1585fe1","Centre de loisirs intercommunale de Jarnac","Jarnac","16200","France",""
"c551a75f-9e9f-4101-b566-91b01c3656c5","Surf School H2o","Bidart","64210","France",""
"2a203dfb-b69d-4d23-b65f-520ce6e05c43","Cercle Nautique de l'Île d'Aix","Île-d'Aix","17123","France",""
"4ecbd6fe-c8f8-45a2-9ea3-e6a87ed81dcd","ARTHA Surf Club","Saint-Jean-de-Luz","64500","Nouvelle-Aquitaine",""
"ae0a465b-82f9-4f9d-8719-c2d60f004aba","Pau Canoë Kayak Club Universitaire","Pau","64110","France",""
"8c769f7b-2334-4d5c-8f94-9485946a15ba","Base nautique","Pau","64420","France",""
"46228132-0860-4963-8974-39bd7ef9433a","Cnec - Nautical Center Is Cotentin","Saint-Vaast-la-Hougue","50550","France",""
"56e9c11d-c5af-4ae6-9bea-ae498dda9c43","Esquimau Kayak Club Lourdes","Lourdes","65100","France",""
"2dc80236-f805-4713-96cb-94bbf159efc3","Club Emerald","Argelès-sur-Mer","66700","Languedoc-Roussillon",""
"269131c6-2262-4684-9020-34432d86b941","Nautic Club Miramas","Arles","13250","France",""
"1e908a09-ed86-4be0-867b-6ede86c1de4c","Srvg - Club Windsurf Voile - Monteynard","Réserve Naturelle","38650","France",""
"ab3142f1-c54f-4937-8836-3623b2d7e7ad","Voile Fun Sète","Sète","34200","Languedoc-Roussillon",""
"a71927c8-9d32-48c8-a942-1bf0286af2a4","Cercle de Voile de Marseillan","Agde","34340","Languedoc-Roussillon",""
"9aa6079e-4e96-456c-9f8e-45cf81c56b08","Cercle Nautique Mer et Passion","Arles","13230","France",""
"1d6e7d5c-c270-4885-a41d-ce589f45460f","ASPTT Voile Montpellier - club associatif","Montpellier","34000","Languedoc-Roussillon",""
"44a92882-d281-4d92-8f98-13875d9c9615","Kiteshop","Arles","13200","France",""
"16b6c219-20b2-4e91-91b2-61a0bdb71253","Maxi Catamaran Voilemed - Port Camargue / Grau-du-Roi","Grau-du-Roi","30240","France",""
"57716c0f-adc5-4e5b-83ea-9573858ee9dc","Pau Canoë Evénements","Pau","64320","France",""
"5045bfd7-2d83-4502-859f-44704a64dbe5","Argeles voile","Argelès-sur-Mer","66700","Languedoc-Roussillon",""
"e6ae143a-3f3c-4efc-aa36-2b2e8f88000e","Club Nautique des Corbières","Sigean","11130","France",""
"590fe57d-6a29-46b8-b887-283bf48c5560","Base de loisirs du Club Belambra Presqu'ile du Ponant - Team Active","Grau-du-Roi","34280","France",""
"d7a513bf-17a4-449a-a772-e4772ea97b44","Capbéarvoile - School Of Cruise","Cerbère","66140","France",""
"3bc1c701-559f-45bb-b047-e23cd1cae7cd","Chantier naval Soleil Levant","Levant","83700","France",""
"14345866-7927-4435-bab0-24e12bac9735","Nautical Club of Port Miou","Maury","13260","France",""
"e0d36e8a-2143-47e8-a7d1-342d4a8a90c2","Yacht Club de la Mer du Nord","Dunkerque","59140","Côte d'Opale",""
"5f3c8da1-1e5e-4045-bba1-fcea67befab0","Club Nautique Santa Giulia","Centuri","20137","France",""
"caec7bb5-8baf-4ad2-8c0a-e3e70d94d663","Glisse & Kite","Saint-Pierre-la-Mer","11560","France",""
"0a8cd700-52d8-4b90-a3fb-0d48302d73b4","Club Rotary Tonnay Charente Estuaire","Tonnay-Charente","17430","France",""
"265febbb-6f14-4a22-9327-59655aec51c9","Base nautique de l'Huveaune","Marseille","13008","PACA",""
"f9330aec-e485-4808-a12a-18e5777121b9","Yacht Club 2000","Grau-du-Roi","30240","France",""
"484329df-4259-4eb3-99d9-2e4d58df28b4","Mf Kite Kitesurf Et Wingfoil School And Shop","Hyères","83400","PACA",""
"641f1b19-f4d8-48e4-9718-49907b606ea9","Hexavoile - Diapason","Hyères","83400","PACA",""
"f12c62e5-10db-4f0d-8e76-fc5070872248","École de Croisière Dunes de Flandre - Centre Régional de Voile","Dunkerque","59140","Côte d'Opale",""
"c7693d0e-db1f-4e75-958e-44c67e9bf6c0","Centre Nautique de la Canche","Étaples","62630","Côte d'Opale",""
"b2707f53-11e1-46a7-afdf-62f7965d272d","Le Touquet Surf Club / Cote D'opale Surfing Surf School Paddle Du Touquet-Paris-Plage / Nord Pas De Calais","Le Touquet-Paris-Plage","62520","Côte d'Opale",""
"2e29f939-981b-47f0-ac56-1621f2d6aae8","Foiling School","Guérande","44510","Pays de la Loire",""
"064f5be0-48af-4971-9f0a-b6eaf298848b","Concept Nautique","Pont-l'Abbé","29120","France",""
"0ba5f2ff-d913-43b3-bb43-e714945b8b6c","Bidart Surf Academy","Biarritz","64200","Nouvelle-Aquitaine",""
"66fdb692-512e-406d-940a-423ef3ae15a5","SRC Sud-Oise","Picardie","60340","France",""
"6be82dc6-f30a-4641-982e-2186adb3d5dd","Kitesurfing School Kitextrem","Hyères","83400","PACA",""
"da23787a-cdd2-4206-9aca-d0cf47801e3f","Club House -Club Nautique Havrais","Le Havre","76600","Normandie",""
"e557457b-24f3-4f4b-b87b-f84584863eb0","GGVLS - Pôle Développement (Gravelines - Grand-Fort-Philippe Voile Légère Sportive)","Gravelines","59153","France",""
"da6b1ce7-20bc-4c04-bdcf-bd273dfca426","LES VIEUX GREEMENTS DE CANET EN ROUSSILLON","Rivesaltes","66640","France",""
"d40b098a-8faa-4853-950c-2e54cdbbbf83","Water sports Guilvinec","Guilvinec","29730","Bretagne",""
"2d6f3e73-e6b6-4b34-87cb-b3c7f82d1630","Voiles Latines Fréjus Saint Aygulf","Saint-Aygulf","83600","France",""
"abbb7c72-43e8-4ab1-ad4f-8859cd52cf3e","Messanges Surf School","Messanges","40660","France",""
"d9b74f70-6b0e-477d-938a-f0ebd428510d","Les Voiles d'Antibes","Antibes","06600","PACA",""
"5ff4bd39-2a97-4405-a98e-8c10669e7a37","Veil 62","Boulogne-sur-Mer","62200","Côte d'Opale",""
"50ea1524-0a66-45f1-a8d7-fe38ea7665e9","Watersportkring Luchtmacht vzw","Koksijde","","France",""
"a192bc11-bfc9-4adc-a437-3e9fa06a0c83","Maison Cazes","Rivesaltes","66600","France",""
"cc5e6a47-d025-4374-993c-371df1f90262","UCPA FORT DU COQ","Bénodet","29950","Bretagne",""
"c6238bbd-4977-4d2b-a402-2af4bf0f7737","La Corse à la voile","Vescovato","20090","France",""
"abd7b495-a4d8-4905-ae72-7ffc4e8458fd","Association Sails Auriques Sète","Sète","34200","Languedoc-Roussillon",""
"b27c2790-352f-4a4d-bb84-e96a38925557","DESERT POINT SURF SHOP","Messanges","40660","France",""
"f1c64c20-320f-42eb-9796-eeda6cf7c1db","Biarritz Paradise Surf School","Biarritz","64200","Nouvelle-Aquitaine",""
"b2e255a1-6c8c-499c-a9ea-8e427128f6ba","La Base Nautique de Cavalaire - Bouée tractée & Parachute ascensionnel","Cavalaire-sur-Mer","83240","France",""
"fd23830c-cadc-4f21-aac6-9d01be877089","Grimaud Watersports | Location JetSki Saint Tropez, Parachute Ascensionnel, Efoil, École de Voile & Bouée tractée","Scandola","83310","France",""
"4fec686b-bd24-4ae7-bbf3-74cda1000c71","Bidart Océan Club et Formations en Secourisme","Bidart","64210","France",""
"cc3fda69-6ee0-4e6c-a33f-20dc754851be","Voile Pélagos Excursion Balade En Mer Saint-Raphaël School Sailing Habitable","Télégramme","83700","France",""
"b2d45e4a-94a3-453a-bcaf-1c2868cad14b","CAMPONAUTIK","Punta di Campomoro","20110","France",""
"ae89351a-4307-4340-9309-883332906881","Luc Yacht Club - Ecole de voile, Char à voile, environnement et forme/santé","Montivilliers","14530","France",""
"a80244a6-54bb-4a14-807e-2bb0d82d47c5","SPACE SEA Diving Giens","Giens","83400","France",""
"5a6fc5f4-8ae9-4abd-8127-5c339682aa89","Club Nautique Alpin Serre Ponçon","Plage de Arone","05200","France",""
"f66e3001-c5d9-4fad-990e-c077957d2a07","École de Voile intercommunale NCPA Houlgate","Cabourg","14510","Normandie",""
"9f32342f-93e7-44e9-bebf-4df9bbacc94e","Nautical Center Couardais Du Goisil","Île-de-Ré","17670","France",""
"9e9f7b83-d0cb-4960-a49b-25f1cd03a496","A Casa Glisse","Bonifacio","20169","France",""
"4c59012b-0948-4224-8070-8251f9122f10","Ile de Re sailing - School of La Couarde sur Mer","Île-de-Ré","17670","France",""
"4790b5c9-b5c2-4977-b04f-2629212c1cea","Water Space Saint Michel Tharon","Saint-Michel-Chef-Chef","44730","France",""
"4795f950-69b4-4358-8130-279ce6e975f9","Enjoy","Seignosse","40510","France",""
"b5693e65-2467-4dfd-976c-09f7f8151fce","Centre Nautique","Île-de-Sein","29990","France",""
"cac05e72-3a54-46b2-93b6-9f0782da777e","Nautical Center De Brignogan-Plages","Brest","29890","Bretagne",""
"82e18781-e1da-45db-8b1c-8f91dbb13e27","Club de Voile, Société Nautique du Léman Français","Oudon","74200","France",""
"cd644c8b-c620-4f2d-ae9a-efe063005714","Moliets Surf School","Moliets-et-Maa","40660","France",""
"e3b4f3ba-5ee2-4634-9e1a-d65cb73614ae","SORTIES VOILIER - SAILING 83 - Journée conviviale Voile & Environnement - Var, Saint Mandrier, Six Fours, La Seyne","Saint-Adresse","83430","Normandie",""
"e976ef42-0809-4582-82b2-9698ee925ba2","Challenge Ocean","Lorient","56100","Bretagne",""
"d871cafc-de19-49a3-abd0-8f9c60c532de","YACHT CLUB OF SIX-FOURS","Télégramme","83140","France",""
"0d66c3ac-b8e5-48ef-9ade-557912679fab","ASPTT La Londe","Londe-les-Maures","83250","France",""
"4c7366d8-0d73-42dd-b938-06947ce68d2b","Zef Attitud' école de char à voile","Quiberon","56170","Bretagne",""
"eccf7512-fea0-4216-ac55-98f98bea6a08","Ocean Players School Sailing Du Bouil Longeville Sur Mer","Talmont-Saint-Hilaire","85560","Pays de la Loire",""
"1d842238-6553-440a-9ae1-0040ae318e92","Voilerie du bassin","Gujan-Mestras","33470","France",""
"e5161b1f-9af8-4fe9-a532-90610cedfb40","Nautical Center of Saint Mandrier","Télégramme","83430","France",""
"6883a552-1ba5-487b-8ace-d12dc1ee0946","HOBIE RACING SCHOOL","Mougins","06210","PACA",""
"98b1241d-a42f-4bcf-9375-9b347f47c77c","Fitness Park Montreuil","Montreuil","93100","France",""
"3b849cca-b970-4fe5-b7c0-1f23110fdc9e","Evi Nautika","Biarritz","64500","Nouvelle-Aquitaine",""
"e1dc14b1-6f16-4873-abed-d54c56aae398","Auboutdubout - Stage De Voile","Vannes","56000","Bretagne",""
"38e19405-be80-4e2a-a200-c3d9da3bd137","Regatta Society Havre","Le Havre","76600","Normandie",""
"086bfc6a-85e5-4ca0-811f-64cc7b6d6c31","Training Center Nautical Vannetais","Vannes","56000","Bretagne",""
"50d7e739-0e7d-41d1-82c3-1b9eb2c5b6fc","Le Spot Nautique BINIC","Étables-sur-Mer","22520","France",""
"734bb2ff-2d8a-4fe9-93d4-e354618c782f","Vieux Boucau Surf Club","Vieux-Boucau","40480","France",""
"ca31d698-4cb6-4720-932b-c30f08319ac3","voile-en-presqu-ile.fr","Camaret-sur-Mer","29570","Bretagne",""
"6ac8e916-c182-4ed7-b120-1879f825768e","Seignosse Surf School","Seignosse","40510","France",""
"03518057-22e5-456a-b0f0-c481c33bcea7","School Kite Surf Wissant - Bed&Kite","Wissant","62179","Côte d'Opale",""
"2fbd3c99-88cc-475c-af3d-df3844eadd96","Eccm","Juan-les-Pins","06600","PACA",""
"87a0f4ab-8175-408b-b5ae-3dda3cf5a6ae","Société des Régates de la Bernerie","Bouin","44760","France",""
"4b3e324c-43f5-432e-9f95-3d79330d2a33","Kerguelen Club","Ploemeur","56260","France",""
"bc8582b8-d3fd-4008-9684-189806d3a870","Société Nautique de Bandol","Télégramme","83150","France",""
"b2f63309-0130-4874-9467-537a3bad16f4","Maa Surf Shop","Moliets-et-Maa","40660","France",""
"83c7fcdf-2543-49d1-8c6a-29a80b9b37d0","Centre Nautique AquaLoisirs - Propriano Corsica","Propriano","20110","Corse",""
"5b5c9bf6-f3b9-4c4e-95d6-fe304b1d7054","Nautical Club Bastiais","Bastia","20600","Corse",""
"ce20ddff-df3e-48cd-b165-5d21273731f0","Sailing School Valentin","Guérande","44740","Pays de la Loire",""
"41d11238-961c-4018-b097-ee2e93bc4585","Comité Départemental de Voile 06","Vence","06800","France",""
"4aaf2fb7-d271-4058-80f6-90539670231b","Envoil'","Montpellier","34070","Languedoc-Roussillon",""
"125360df-d34f-4563-ac9f-962b22e6eab2","Voilevasion","Bessan","34540","France",""
"f8eb81c5-c240-4fd8-905c-866ed91091b6","Yacht Club De Carnac","Carnac","56340","Bretagne",""
"08ca25f7-4a57-4423-8b7c-d08e23d71e9a","Nautic Balagne","Balagne","20260","France",""
"a4137d49-7f99-4f79-96e1-6003b0181e8f","Lery-Poses in Normandy","Les Andelys","27740","France",""
"55a16174-1099-401c-b446-713a0be2e056","Départ bateau Wing, kite, Foil, Tracté - Carnac Evasion","Carnac","56340","Bretagne",""
"9d3c2677-3325-4343-ade6-92aba5d45e10","Centre Nautique de Crozon Morgat","Crozon","29160","Bretagne",""
"52f880db-b202-41d4-ace7-79cb5f8be74f","Ecole de Surf Côte Française","Vieux-Boucau","40480","France",""
"2630de00-5d5a-491f-9fa2-44604fae2e82","Club Nautique Léo-Lagrange","Camaret-sur-Mer","29570","Bretagne",""
"7d9b8c79-1b68-43c3-af74-d0f07b602d91","CVB - Cercle de la Voile de Bordeaux Carcans Maubuisson Affilié FFV","Gaillon","33121","France",""
"b4628fa2-8d0f-47e1-ac1d-bded5a3f85bd","Ecole de voile Kallisterra","Corsept","20144","France",""
"0b1823a5-66d4-41f1-a313-d6369c832ba7","Ecole de Voile Municipale","Télégramme","83980","France",""
"b6fb0d8d-cae6-4036-a10c-93cd77c34cfa","Eole Passion","Télégramme","83000","France",""
"91997ef1-0f12-4499-aa2b-e5f177f14565","Lord Jim Cruises","Brest","29200","Bretagne",""
"15603f32-2204-4393-8a78-e912e04f9ea4","Sport Nautique et Plaisance du Havre","Le Havre","76600","Normandie",""
"83dafbe5-1577-461c-95b7-c6eb6843515a","Loisirs3000","Brest","29200","Bretagne",""
"81d42fa3-9bb4-44b5-8c48-2310b0672618","Centre Régional de Vol a Voile de Ghisonaccia","Ghisonaccia","20240","France",""
"ab666f17-747f-4ae9-926e-e4dce10ebcab","Company Nautique Du Golfe Des Lecques","Télégramme","83270","France",""
"48306c81-692c-4261-b1cd-a613c9283cca","Le Spot Nautique Larmor Plage","Ploemeur","56260","France",""
"0bac85b7-780c-413a-96ef-aab8f9e9da8e","Société nautique de La Ciotat","Télégramme","13600","France",""
"54368e0d-4ec1-49e5-a3fa-e3ec4fa8a267","Nautical Club of Zion","Saint-Hilaire-de-Riez","85270","France",""
"53aa2951-76ee-4624-9410-5d33aaac6019","Kayak îles de Lérins - Location de kayak Cannes","Îles-de-Lérins","06400","France",""
"e924e690-d970-49ca-a1ad-28dc43e53cfc","centre de char à voile du Cercle de Voile du Cap Leucate","Leucate","11370","Languedoc-Roussillon",""
"c1b152a9-b4b3-4dc1-9a4d-01337dc07c83","Club de Voile et Loisirs d'Hermanville sur Mer","Normandy","14880","France",""
"f7f85a28-8635-4fe6-a707-c81879d5b7f0","Water Sports Saint Quay Portrieux","Saint-Quay-Portrieux","22410","France",""
"e0d586fe-3b51-4394-8b6a-1cc9d94d7da9","Alternative Surf School Surf School / Hire","Messanges","40480","France",""
"74a98f93-02a4-4381-a302-66d61551cea3","Hozen","Lorient","56100","Bretagne",""
"bcb5cafc-16c2-4f98-b404-ed34faa75558","Base de Plouhinec - Cercle Nautique de la Ria d'Etel","Plouhinec","65953","Bretagne",""
"bae53a31-a2b5-4c75-bd4a-a768d56a9f7d","Société nautique de Saint-Tropez","Saint-Adresse","83990","Normandie",""
"26b8a06a-1174-4c61-8554-49fe968d5311","I2n - National Institute Du Nautisme","Quiberon","56510","Bretagne",""
"5295c986-cde6-4d8b-becd-83f30435c0f1","L'agreou École De Surf","Seignosse","40510","France",""
"8f88570e-27f6-43f6-896c-80062b7ff243","French Foil - École de Wingfoil Lorient","Ploemeur","56260","France",""
"6b67c0a6-0d64-4704-8670-d27ea9ece80e","Sailing School Roaliguen","Morbihan","56370","France",""
"b5365a59-5272-48a0-8b89-4420f3d27385","Yacht Club Pecq","Gaillon","78230","France",""
"456ea517-35aa-424b-ae80-c221208f754b","Eolia Marquenterre","Fort-Mahon-Plage","80120","France",""
"a545a66f-2953-41a3-a683-e583ecc6ada1","Nautique Club","Antibes","06600","PACA",""
"277f1832-ecc8-478f-ad93-b6e13ff4b1fe","Driving School Du Vexin","Les Andelys","27700","France",""
"c58d7a16-3a25-4409-adb4-db6b78de5484","Airwater Club","Sainte-Maxime","83120","PACA",""
"81a5b71b-a93d-440b-801f-60842c2b5147","Les Passagers du Vent 56","Morbihan","56510","France",""
"dbd87843-84ec-4e73-83fc-160c95f1d7c2","Slnp","Ajaccio","20166","Corse",""
"59fb6461-9e31-4502-a425-f8b91c5146e4","Cap Zen Voile","Saint-Cyprien","66750","France",""
"c79bf538-e413-4be9-b9f7-0603ccf84b90","Les Minots De La Glisse","Hyères","83400","PACA",""
"4a3e099d-a618-4eb3-8a84-3d9b541e1f26","Office Boatmen","Moliets-et-Maa","40660","France",""
"c0dfc9be-bbfc-479a-8648-1d13c2d3bc23","canoë kayak club brestois","Brest","29200","Bretagne",""
"ac779e94-1efb-418b-b640-2297e0c50020","Isula Aventure - Location de catamarans - Ajaccio Corse","Vescovato","20090","France",""
"57ad0ea4-0619-4571-82b4-9485c415eaa7","Yacht Club D'hardelot","Hardelot-Plage","62152","Côte d'Opale",""
"036924a9-edff-4adb-bc05-34e58b84f3f0","Happy Life Surf School","Bidart","64210","France",""
"68a1f025-713a-41a9-8ee3-9972cae6c280","Cercle de Voile de Sillé Plage Nature","Réserve Naturelle","72140","France",""
"33643de3-1eef-4839-990f-864365ee10a1","UCPA Port d'Albret","Vieux-Boucau","40140","France",""
"62f91c7b-4306-4123-a039-cdd44ff0d075","Surf School Biarritz Surf Training","Biarritz","64200","Nouvelle-Aquitaine",""
"1d4ddc3b-c529-48eb-9009-e715dad04ed7","Messanges Sud","Messanges","40660","France",""
"bd848658-6f75-4f24-b1de-8ef112f1503f","Swell Kite Ecole De Kitesurf, Wingfoil Et Wakeboard - Hyères","Hyères","83400","PACA",""
"0357bf74-4d4d-4863-80e3-d6065bae25cf","Société des Régates d'Antibes","Antibes","06600","PACA",""
"aafbb9f0-4c3f-4c7e-b367-ac8941ab155e","Association Bouzigliss Yacht Club - School Sailing Wing Foil Bouzigues","Les Andelys","34140","France",""
"b8ec3e32-8929-42e1-909f-85f07349580f","CATASCHOOL","Morbihan","56870","France",""
"7e6bc06c-f41d-49fb-8b90-b9ff978fe88d","Biarritz Association Surf Clubs","Biarritz","64200","Nouvelle-Aquitaine",""
"727ebcbf-b5cc-458c-a054-8bc7a10d9362","Zokoa Loc","Saint-Jean-de-Luz","64500","Nouvelle-Aquitaine",""
"43ddbbef-b9b8-42b8-bd19-2720fcde021b","SAIL-MED ECOLE DE CROISIERE","Port-Cros","83130","France",""
"6b70dba2-172a-4b10-8c7c-58fe43aed13e","Australis Évasion Location Voilier Hyères Porquerolles","Porquerolles","83400","France",""
"a49c5ab3-69c5-406c-9932-ce1cbc7ab47f","Voyage à Voile","Balagne","20260","France",""
"01b45729-c683-4296-ba24-c9b6bc67166c","S.O.R.A.C Sté des Régates d'Agde et du Cap","Agde","34300","Languedoc-Roussillon",""
"090b35cd-75bc-4817-a6f7-57d76a98f8f5","Eolia Picardie","Fort-Mahon-Plage","80790","France",""
"ae2ef1c4-f675-4c7f-96b5-9b8bcb37fbbc","Mare Inseme - Handivoile Ajaccio","Ajaccio","20000","Corse",""
"39ec8419-5d73-4dd0-91ba-47228e5cabdc","CBCM Boarder Club St Cyprien Kitesurf, Wingfoil, Windsurf, Stand up, & Sailing School","Saint-Cyprien","66750","France",""
"f690ba68-4aad-4290-823b-b5517790010c","Corse Nautic Escape - Excursion Bateau Bonifacio","Îles-Lavezzi","20169","France",""
"c6789646-2c1b-4be4-835b-b4c7a4b79e0e","Cercle Nautique d'Ars-en-Ré","Saint-Clément-des-Baleines","17590","France",""
"68ecc880-305b-4a85-b0ed-9b9c7958e645","ESF CAUTERETS Station du Lys","Cauterets","65110","France",""
"9b788eaa-0f1f-419f-9249-b8fbb9528355","CENTRE NAUTIQUE VILLE DE MENTON","Menton","06500","PACA",""
"0ac361f2-7fe0-44b4-a485-7f1ca5876b5c","Natura Water Sports","Hyères","83400","PACA",""
"76311aca-b15c-40c8-aae2-517bb04ff6ef","Dinard Yacht Club","Dinard","35800","Bretagne",""
"77c7da95-7747-40ef-85d2-2e9bd41e8fd2","Arles Navigation","Arles","13200","France",""
"61dd3f9d-bc76-4d8f-8fd0-893e4ff907f0","Cannes Esprit Glisse","Cannes","06150","PACA",""
"48719bf6-e933-4776-819e-049d760427ce","Yacht Club du Gaou Bénat","Port-Cros","83230","France",""
"e83730f1-dd34-4bf0-bdc8-8ac1a2fe0a50","Port du Moure Rouge","Cannes","06400","PACA",""
"82471a1d-8ae0-41e7-a9ad-34c39d6664e7","Ecole de Voile - Les Prés du hem","Pas-de-Calais","59280","France",""
"9401681f-f831-42a8-9afa-ee9b89ca2e11","Airxkite","Cannes","06150","PACA",""
"7960e019-ba6c-4f97-a6e8-c2e1e2424805","Dax - Seyresse Airport","Dax","40100","France",""
"3f18d71c-9a85-4300-ad1e-e5bcadf9432d","Ozone char à voile","Oye-Plage","80120","France",""
"e1347c3c-52a2-4c28-be25-8c39dfd93b03","Corsica voile - EZEBIANE & GRECALE","Ajaccio","20000","Corse",""
"73525841-c552-4800-92b6-2c0faef007e0","Ecole De Croisière, Stage De Croisière En Voilier Habitable Ecco","Hyères","83400","PACA",""
"901ad3b7-0d1f-4038-a175-90092269db54","KifKite","Hyères","83400","PACA",""
"78be4b22-1831-48d2-818e-5d9e03f94551","SP EVASION","Balagne","20220","France",""
"14eee56e-9e65-48e9-b9c4-1d8285e18351","Centre Nautique de Saint Brevin, Laurent & Yvan Bourgnon","Saint-Nazaire","44250","Pays de la Loire",""
"28879ae7-40c9-4409-a372-fd3723f6e397","Cavalaire Yacht Club","Port-Cros","83240","France",""
"1a25fdb6-467a-4e29-a8f5-ab8c0b008618","Centre Nautique de l'Ile Tudy","Pont-l'Abbé","29980","France",""
"5dbdcaf2-5d5d-456c-9d35-5b7433276cab","Base Nautique de l'Île-Tudy+ toilette publique","Pont-l'Abbé","29980","France",""
"652bdefe-a532-46bf-96c0-61ba093164ef","Nautical Club of Sinope","Carentan-les-Marais","50310","France",""
"fca65075-ff12-4d68-ad49-e37a37a6ea8c","Centre Nautique de Plougonvelin. Nautisme en Pays d'Iroise","Lampaul-Plouarzel","29217","France",""
"d1fd6781-f6e6-47f7-9a26-e0ec6c10f962","Base nautique de Groix","Groix","56590","France",""
"4e3f7df0-fc1f-44fb-a19a-769ca8444f91","Sailing School - Yeu","Île-d'Yeu","85350","France",""
"c17234e5-3398-47d0-a0a0-f431c4de5e11","SWZ TEAM - CANNES","Cannes","06400","PACA",""
"feee413f-8552-43af-ac58-0c8027fbd1d0","Club nautique Mare e Vela","Ajaccio","20138","Corse",""
"802f371c-6f43-4299-b62a-a9d3c8cd2059","Bidart Surf Evolution","Bidart","64210","France",""
"319e9e8f-27b8-49c4-be31-e310e4c0c2d0","De Panne sport","De Panne","","France",""
"f5dd1ddd-1a92-444a-a5b8-b5b1109f4fda","Yacht Club St Martin de Ré","Saint-Martin-de-Ré","17410","France",""
"008b2837-f72f-4259-8ef0-dfd65689b0ae","Nautic Sport Carnac Boat Rental École De Wing Foil, Catamaran, Dériveur, Bouée Tractée, Ski Nautique, Wakeboard","Carnac","56340","Bretagne",""
"66999c36-3110-4fdc-886f-8711c502ab4d","Club Nautique de Carantec","Morlaix","29660","Bretagne",""
"8a45da54-9faf-4617-b218-94d2a633af69","Centre Nautique de Narbonne Plage","Narbonne","11100","France",""
"f2a51bc9-b46e-4a5f-9bc1-375c00f588c6","Base Nautique Port Mahon Sigean - Voile, Kayak, Glisse, Catamaran, WingFoil","Port-la-Nouvelle","11130","Languedoc-Roussillon",""
"9748ff25-3794-484a-9dbd-466679a5acfa","Association Voile Et Nautisme 04","Saint-Lô","04500","France",""
"d822b992-dafb-475e-a7ee-34b6a9503fe4","Centre Nautique du Cap Sizun","Audierne","29770","Bretagne",""
"65e915b0-73ec-4ca1-a0f7-167b918cb76d","Sortie bateau : Spi en Tête","Biarritz","64700","Nouvelle-Aquitaine",""
"d72d19bd-0d31-43e1-a90c-106f501c22de","CARMAUX VOILE","Maury","81640","France",""
"b9abefac-674f-45f6-bb32-cfc2b9e3621c","Club nautique Yvetot","Yvetot","76190","France",""
"edbeeb86-fe29-4f75-971a-bbefb520b2e3","Activities Nautiques, Bouée Tractée À Cabourg Et Houlgate En Normandie","Cabourg","14390","Normandie",""
"18e02f6a-06a9-4d79-a75b-13a367f56a03","School Sailing De Préfailles","Pornic","44770","Pays de la Loire",""
"181d5f65-d978-4af8-b2b5-55824dcc393b","Cercle De La Voile Du Pyla-Sur-Mer","Pau","33115","France",""
"a4455843-82a5-4885-9257-65654d8022f1","Base Nautique","Pont-l'Abbé","29980","France",""
"c918997f-3d26-4dc1-a759-56606b81d5a5","Beach club farinette","Vias","34450","France",""
"4167c74a-3866-47ad-b781-7feeb9f09fc3","Municipal School De Voile","Île-de-Noirmoutier","85550","France",""
"2a1b169d-8a92-4c40-8157-bc7a1f3463d1","Centre nautique Fort St Pierre","Île-de-Noirmoutier","85330","France",""
"925a1427-f2a2-4d03-bea7-bcf39eb14467","Nautical Club Trégastel","Lannion","22730","France",""
"d03df846-66d5-4b84-832f-65f6fab900ff","Longe Côte - Activités milieu marin récréatives, ""Escapade Glaz"" en kayak...","Lannion","22730","France",""
"922a2cbd-ad6d-461a-b49f-b13bd0cbeb75","Sailing Club Soustons Marensin","Vieux-Boucau","40140","France",""
"53cdab22-bc71-47b3-a010-0dff8a6f5521","La Rosée du Soleil - Les Bateliers des Marais du Cotentin","Carentan-les-Marais","50500","France",""
"8021365e-c19d-498c-8adf-3655f8114805","Base Nautique Salagou - Bay of Vailhés","Montpellier","34700","Languedoc-Roussillon",""
"6ca7849a-57c0-4a25-b0d3-a691e153655a","Pôle Nautique Loguivy de la Mer","Ploubazlanec","22620","France",""
"122cc34b-96f2-4795-8847-8975343abde7","Ré Wing foil","Île-de-Ré","17410","France",""
"dee737ca-b79a-4b42-b5c9-7212bb5f7549","Camargue Nautique Club","Camargue","13460","France",""
"a93bf04e-4eb6-4f4b-9d9c-98a28bbb2457","Club Nautique de Barneville-Carteret","Carentan-les-Marais","50270","France",""
"563bbd16-fdc6-402c-ab3d-c7a1d505a7b5","Club de Voile des Rives de Léran","Lézignan-Corbières","09600","France",""
"86a2267a-46a5-423c-91a8-407b275acccf","Kayak dans les marais - Isigny-Omaha Calvados","Isigny-sur-Mer","14230","Normandie",""
"7cc85de1-0385-4c35-8c37-1d508d6c39d6","Ecole municipale de Voile de Fécamp Centre Nautique Jean-Paul Langaney","Fécamp","76400","Normandie",""
"6410b905-7cbc-4adc-bc9e-bca936d49acc","Nautical Club of Coutainville","Saint-Lô","50230","France",""
"a7c73520-4665-4de6-be25-d8c4c51dbe77","ÉCOLE DE WINGFOIL, LINE UP","Oléron","17190","France",""
"72b8d8c5-d318-4b81-b398-3d654b9f5754","École de char à voile - Ouistreham","Ouistreham","14150","Normandie",""
"5166b4db-d2f5-4563-9036-91af616d9be2","Voile Passion","Mougins","06600","PACA",""
"55ff7377-4e89-4fe6-a3ff-f94831b4ac7f","Centre Nautique de l'Arrée","Morlaix","29450","Bretagne",""
"db3d427c-745a-4efb-a25c-5ae655f7b8eb","School Du Surf French","Biarritz","64200","Nouvelle-Aquitaine",""
"60ef9745-1f42-43c1-ae31-85d6f0ffa36b","School Of Cruise Otaquet","Brest","29200","Bretagne",""
"63361b67-f7f4-43dd-afc0-7a0382d906f6","Club Nautique Haute Seine","Les Andelys","10270","France",""
"09549cbf-933b-4e44-957a-9247ddc33bea","Sel Ton Char","Île-de-Noirmoutier","85630","France",""
"1d2713f9-c2d6-45da-8768-0c0dadcff4e9","Nautical Center Kerleven Port La Forêt","Fouesnant","29940","Bretagne",""
"d86e5fa4-e2c1-43b5-895b-9b3b98e52a07","LOISIRS NAUTIC, SARL NAUTIC GROUPE","Morlaix","29600","Bretagne",""
"4baff222-98a1-45fa-928a-a50e8659528c","Y.C.Rouen 76 (base de plein air d'Hénouville)","Rouen","76840","France",""
"e750b466-12eb-4190-890a-8767c58cb744","Sailing School Mediterranean","Palavas-les-Flots","34250","France",""
"97e38d14-0dea-4f60-a948-c834935e5355","Base Nautique des Vallées Saint Hilaire Nautisme","Saint-Hilaire-de-Riez","85270","France",""
"7f6cd5df-9b25-4254-ad99-eb0df541ff28","Cercle Nautique de Villers","Deauville","14640","Normandie",""
"4fe0ef29-b76e-43b6-8146-00c57d171ebb","Cercle Nautique Rognac","Arles","13340","France",""
"7c86aa40-b76e-4176-8485-2668469825ce","Les Voiles de l'Epine","Île-de-Noirmoutier","85740","France",""
"9b605b6f-eed8-41af-894c-8d5d99770d72","Caen Yacht Club","Normandy","14000","France",""
"18bd5ec9-81a2-4eca-850d-5e6c9c8e8d86","School Sud Landes Kite","Seignosse","40510","France",""
"263f7fad-d7a1-4f5c-a81c-f010f850049b","Shaper House","Biarritz","64200","Nouvelle-Aquitaine",""
"cd5e25c8-1e39-4329-9306-f100b9754606","Aswan enjoy sailing","Marennes","17320","Nouvelle-Aquitaine",""
"66488427-470a-4cba-94dc-a1a0e4ee3aee","Session Gliss : Bouée tractée Cavalaire","Cavalaire-sur-Mer","83240","France",""
"fcb6a8bd-c874-41ba-bc4a-cc997fee7606","Ocean Nautic Space","Ouistreham","14880","Normandie",""
"3ae9af80-fc64-4361-8cc2-8c48039b4b69","Char à Voile Wind Oléron Club","Oléron","17550","France",""
"1374e6a6-a115-4ce1-8a41-0a71a7a6e266","Yacht Club du Port Camille Rayon (Y.C.P.C.R.)","Vallauris","06220","France",""
"78c52106-f912-408d-82cb-d282b5863f44","Base Nautique du Clos Fleuri - École de Voile Dunes de Flandre","Dunkerque","59123","Côte d'Opale",""
"0a8c7711-3161-4221-b6a7-0877a9b7599d","Parc Aquasports - Stade d'Eaux Vives","Pau","64320","France",""
"78902327-4aa7-4e73-9a7c-1d8d7197a68a","Club Nautique de Jouarres","Lézignan-Corbières","34210","France",""
"276b49f6-94bd-42f9-85ea-3a6169fca0c8","CNPSL - Club Nautique du Pays de Saint-Lô","Saint-Lô","50000","France",""
"3c22d44a-df81-47e9-a1d0-bb87a44f1c10","Société Nautique de Narbonne","Narbonne","11100","France",""
"34c5f4bc-6e60-4554-aa56-85fc01bca6a5","Voiles d'Oc - Ecole de croisière","Montpellier","34280","Languedoc-Roussillon",""
"32e136d0-596b-40df-b456-d10cbbe33ceb","Restaurant Hôtel Les 3 Terrasses","Solenzara","20145","Corse",""
"f39b904e-c35c-4c52-a3cf-ec03ff8ae157","Ecole Municipale de Char à voile","Île-de-Noirmoutier","85550","France",""
"2698a98c-ece8-4ee2-8183-82252268be2e","La Voile de Cavalière","Le Lavandou","83980","PACA",""
"bd7a63ff-2a33-4d3a-b60d-e35fab423579","Sailing School C.n.p.a","Oléron","17560","France",""
"ae5e8f06-1866-4632-bd21-3f0918e6aeeb","Envol à Voile, école de croisière Ile de Ré","Île-de-Ré","17940","France",""
"a07e5470-49c3-43c5-9076-468721ebe44f","Cercle Nautique de La Flotte en Ré","Île-de-Ré","17630","France",""
"06a5df57-b0ee-428c-b111-f1b57d600ab4","School Of Yachting Au Gré Du Vent","Audresselles","62176","France",""
"7690617a-d931-4a26-b7c4-3249abd07c5f","ECOLE DE VOILE NINI~GANDA BRETAGNE","Douarnenez","29100","Bretagne",""
"3026f1a4-02c5-4e83-b8e3-f834ad79a05f","CNIF, Centre Nautique de l'Ile-de-France - Club de Voile","Montreuil","75005","France",""
"64500c2e-51dd-451b-96b4-1c213673bfde","YCIF - Yacht Club de l'Ile de France - Club de Voile près de Paris","Montreuil","78130","France",""
"cac0dadc-f3c2-4f0b-bcc7-bb4def64aa1f","Nautical Center De Pléneuf-Val-André","Pléneuf-Val-André","22370","France",""
"4fee5ec8-051e-4fb7-aab4-b94ed9b2c3bc","Club APPA","Juan-les-Pins","06600","PACA",""
"69bd6866-3bb8-4991-9efe-d8d549209f8b","School Le Havre De Kitesurf/ Nautical Center Paul Vatine","Le Havre","76600","Normandie",""
"86bc1243-899c-404e-ab17-cb9f2681b07c","Club Nautique de Croix","Groix","56590","France",""
"3c88b1a3-38df-48f5-adc7-4ee03479fa6f","CN Fromentine","Île-de-Noirmoutier","85550","France",""
"dd462c3f-1771-44ff-8436-5a2d12d7835e","Canoeing Club","Jarnac","16200","France",""
"6d71f8c7-5f20-4849-ac95-801796ed8f21","Nautical Center Sevre et Loire","Ancenis-Saint-Géréon","44400","France",""
"5f282b3d-ec44-464f-bebd-004213645608","Nautical Center Lozari","Nonza","20226","France",""
"bd19aa24-1b4a-4ed8-80f6-97040a8b47de","Sailing Club Lacanau Guyenne","Lacanau","33680","France",""
"8ff8b44e-ca8a-4b07-9eea-ea55f32558f9","Sailing Club of La Croix Valmer","Télégramme","83420","France",""
"3864e514-7597-488e-84b5-47ea8948e944","School Sailing De Trébeurden","Tréguier","22560","France",""
"692e4361-38d0-41f9-8c70-57f3458f7305","West Light Nautical - Boat License Noirmoutier","Île-de-Noirmoutier","85740","France",""
"0c922e71-33ec-409f-a088-a302539940d1","Nautical Center Paul Vatine","Le Havre","76600","Normandie",""
"cdaea7a7-63af-42e0-b3d8-1ce89f97297d","En Voilure Simone","Guérande","44420","Pays de la Loire",""
"3b521c59-6248-423c-882c-28cdd1a1d6a1","Rowing Club Cannes Mandelieu","Cannes","06210","PACA",""
"8cb13137-6a3c-4f92-b65f-a35ff954c4e2","Center Nautique De Sarzeau","Morbihan","56370","France",""
"37e645a0-6dd8-49e7-91a9-c033601fbc76","Brise et Voiles","Morbihan","56750","France",""
"30964ca0-1473-4add-a7b3-016afec40542","Base nautique Vallauris Golfe-Juan","Vallauris","06220","France",""
"87fc14e1-6683-4d7a-ab4b-bd3e00143035","Sand yachting Boulonnais","Boulogne-sur-Mer","62200","Côte d'Opale",""
"4cd9e0cc-bbd2-4b0a-8066-9ba6ab197797","majestic ski club","Cannes","06400","PACA",""
"7119e4a4-3960-4a04-a970-603210400503","Surfclub Windekind","Koksijde","","France",""
"c39885aa-3fcc-4740-94e7-e0d670cc17aa","Club de voile Rochelain","Gaillon","26600","France",""
"cd46ece9-9d95-4d0d-a620-8679257ba565","Club Voile et pagaie Franceville","Cabourg","14810","Normandie",""
"9f10af78-ae90-4633-b719-b16a1fa10cb2","Prestavent","Cabourg","14390","Normandie",""
"997f356b-92e0-47be-9fdc-921c44e3682a","Chill Surf School - Surf School Seignosse","Seignosse","40510","France",""
"56e816ff-16d3-43df-ab17-500c05991292","Massif De La Colle Noire","Réserve Naturelle","83220","France",""
"4601a7c9-351b-4b32-9bf9-a878fb3365f4","CERCLE DE VOILE DU BOIS DE LA CHAIZE","Île-de-Noirmoutier","85330","France",""
"b64bcb58-2e99-44b5-ae3e-be8baa7e1185","Base nautique du Sémaphore","Zuydcoote","59123","France",""
"f5cdd3de-e472-4657-bb79-3b40473ead72","Orthez Nautique Canoë Kayak","Orthez","64300","France",""
"ca094c15-0446-4fa2-9ee2-dffd17c5e544","Ligue Corse de Voile","Ajaccio","20000","Corse",""
"d89ccc71-5914-439d-b50c-63008859c7f5","ANOI - Association Nautique Omnisports Istréenne","Istres","13800","France",""
"79afe2b1-9452-4858-93f4-78c7a7ff72a7","Sainte-Marine Boating Center","Pont-l'Abbé","29120","France",""
"131629c7-0067-41ea-8de1-a8e9a087ed85","Waterplay Promenades en mer / excursions maritimes","Punta di Campomoro","20110","France",""
"a81aa6c6-edb0-426d-a950-d88e90ef7856","LOCAMARINE","Propriano","20110","Corse",""
"f5860323-efae-420e-9a65-20bf039345ea","Club Wind De La Côte Des Isles","Saint-Lô","50580","France",""
"d6c085cd-67cd-4e5c-961d-92b3a3db923b","Centre Municipal de Voile","Lannion","22190","France",""
"8e79438c-7338-4892-8214-70d21aea0add","Club Nautique Et Athletique De Rouen","Rouen","76100","France",""
"3a10d929-bcbc-4626-817f-5402345ab6fa","Sailing School Saint-Palais-Sur-Mer","Royan","17420","Nouvelle-Aquitaine",""
"1ae293d7-c319-4df4-9cfb-2b2a2fdbf9cf","Eolia Normandy","Isigny-sur-Mer","14710","Normandie",""
"0ae420df-71c4-41a4-8400-3d8f94cff2ba","Centre Nautique de Landunvez","Argenton-en-Landunvez","29840","France",""
"684f023b-d372-4f5d-893a-a791e885a3dc","Centre d'Activités Nautiques de Ouistreham Riva-Bella","Ouistreham","14150","Normandie",""
"a859d496-6496-4749-bc6e-f3c7e21bbcc7","Yacht-Club de Morlaix","Morlaix","29600","Bretagne",""
"a0121e95-6277-4fc4-8106-f3f042928f53","Yacht Club Castelnaudarien","Lézignan-Corbières","11410","France",""
"4e42bcdd-176d-44e1-9c6c-c2a8e8340b64","J'M Voile","Gujan-Mestras","40460","France",""
"74ab5a99-39f1-4db8-9125-6b88665b81cf","Boat School Cercle Nautique","Grau-du-Roi","30240","France",""
"d97f4b31-3e5b-4dbd-a7a3-df9dcd77a058","Bain de Noël - Ecole de Voile - Cros de Cagnes sur Mer","Vence","06800","France",""
"de8d68fd-67ce-4e07-89a4-d7608e81454d","Maison Du Nautisme - Base Nautique De La Licorne School Sailing Dunes De Flandre","Dunkerque","59240","Côte d'Opale",""
"8a06d259-72d7-4068-bf33-78e4e6a01a68","Club nautique de Carbonne","Gavarnie","31390","France",""
"0236e192-544d-4d2f-93a5-71098572501d","Bulle D'o Voile Participative Accessible - Navigation Catamaran - Ile D'oléron","Oléron","17370","France",""
"a9712107-0ba1-4ad9-a7f9-3c835acc2ad1","Calvi Nautique club","Biarritz","20260","Nouvelle-Aquitaine",""
"d559df8a-6899-4539-9c85-ff079bfe1ad1","Association Hermione La Fayette","Tonnay-Charente","17300","France",""
"3d228d0f-ef64-440b-9aa9-85a6312c78ff","Lycée Professionnel Maritime De Ciboure-Pays Basque","Saint-Jean-de-Luz","64500","Nouvelle-Aquitaine",""
"50b6e42e-5bc8-4f65-a01a-73844c213c7b","Espace Locations Nautiques Dunes de Flandre (Licorne)","Dunkerque","59240","Côte d'Opale",""
"c12995dd-62fd-4802-a12d-ca56cee681dd","Ecole De Ski Pyreneenne","Cauterets","65110","France",""
"1f864f55-7f7b-4eb5-a569-fc17a886f172","TOUR DE BRETAGNE A LA VOILE","Brest","29200","Bretagne",""
"e668e45f-5b59-4ae4-aac7-1ed33ab81e16","CNEV - Club Nautique Esparron de Verdon","Sorde-l'Abbaye","04800","France",""
"a29f4d08-f06d-42b5-b76d-7e89ca7906e7","Club Nautique de Lily of the Valley","Rayol-Canadel-sur-Mer","83420","France",""
"0a4344ca-f373-4fb8-8611-e705fdff97c2","Company Nautique D'ajaccio","Bessan","20000","France",""
"fe5e0401-3110-4e92-850f-12725cd32688","Cercle Nautique Loctudy","Pont-l'Abbé","29750","France",""
"323bcc02-a93a-445a-9094-c93f018df9cb","Incentive Jet","Giens","83400","France",""
"32cc2126-47a4-4a27-b847-07d4c1c63383","Les Voiles de Bonifacio","Vizzavona","20169","France",""
"390a2a36-9cd7-420b-a4aa-89c3eef9a7ad","Fudoshin Karate Do Tregor","Lanmeur","29620","France",""
"e2676a88-1840-4be5-ba03-576c792dedfd","Sailing School Centre Nautique Tranchais Cnt","Soullans","85360","France",""
"93cd7280-c5bc-49a4-911e-164c8cdca656","Club Maritime d'Hendaye Txingudi","Hendaye","64700","Nouvelle-Aquitaine",""
"f60fb76d-2075-4852-a38a-0a498a120ba8","Saint Georges Voiles","Saint-Georges-d'Oléron","17110","France",""
"39ce8603-7f68-4c19-8cce-5aeb784ded4e","Cape Au Large","Sète","34200","Languedoc-Roussillon",""
"0fb41fb4-31e3-4768-ab91-1310187281c6","espritvoile66","Saint-Cyprien","66750","France",""
"de2479f4-b1cb-4663-9375-38e425e3649a","Ecole de Voile de Fouras-Les-Bains","Oléron","17450","France",""
"1a1fee77-bf11-41ce-81d0-e3451e592aaf","Voiles St-Cassien","Saint-Adresse","83440","Normandie",""
"47659c42-9d6a-4a4a-b302-d97cc0b442e9","Kart Power - Grand Circuit du Roussillon","Rivesaltes","66600","France",""
"dfbb68c1-c1a3-4317-8be3-ed48b8bca797","Société des Régates de Toulon","Toulon","83000","PACA",""
"6099da7b-014a-4a82-a1b6-37a8afa7d4f7","Centre Nautique Cancale","Pau","35260","France",""
"d0ebd7c2-e6e7-4d82-b513-71977bb761d3","Cercle Nautical Royan","Royan","17200","Nouvelle-Aquitaine",""
"c5a8af73-debd-4760-9dbf-604480e86a27","Sailing School De Brétignolles Sur Mer","Beauvoir-sur-Mer","85470","France",""
"54d2a021-694b-4ff9-8d8d-39e64fa0fb62","Moliets South Beach Surf Shop Surf School Coffee","Moliets-et-Maa","40660","France",""
"0d230fdd-c170-445d-931c-9bcd661fd1ef","Ocean Adventure : Surf School Guéthary","Guéthary","64210","France",""
"eec25685-18f4-4cc8-80c6-0ccec041d293","Moliets Surf Center - Prime Surfschool In Moliets & Hurley Surf Club","Moliets-et-Maa","40660","France",""
"c2042f2c-646c-4ce9-913a-81f591c893a2","Sports Nautiques Golfe Juan - JB Watersports","Vallauris","06220","France",""
"1a393844-a909-452c-90ac-ec065c74f883","MVL- Balade en mer","Solenzara","20145","Corse",""
"d6594962-0d0f-4f8b-b8c7-003f93e410bc","Centre Ecole Vol à Voile du Haut-Béarn","Oloron-Sainte-Marie","64680","France",""
"af5f7464-f41d-4ff0-9b99-d29342f91a31","Green Glisse Surf School","Biarritz","64200","Nouvelle-Aquitaine",""
"bfa4ba04-babd-4ab1-a487-3f29f3cbb6b3","École de voile de Cayeux sur Mer - APVP","Cayeux-sur-Mer","80410","France",""
"16756697-6c43-426a-bb3d-06a7e61cd1bc","Base de Voile du Club Nautique de Viry Chatillon","Gaillon","91170","France",""
"cdfcc9b0-001c-46f1-b797-08d6511d2e5d","BAMBOU WATERSPORTS jet-ski Saint-Aygulf , bouée tractée , parachute ascensionnel , paddle","Saint-Aygulf","83600","France",""
"3c2b1c89-22d6-48fa-9880-f2df4bd3fc66","Les Régates de Royan","Gaillon","17200","France",""
"c07d3554-9cd4-46df-b051-97474f2b047d","Biarritz Sports Nature","Biarritz","64200","Nouvelle-Aquitaine",""
"febc70bb-bc28-44f2-8b44-63aa65f80dbd","Nautical Club Cléderois","Cauterets","29233","France",""
"90fbac7d-ea2f-4575-a341-8fa2e6913d7b","Centre Nautique Charline Picon","Ronce-les-Bains","17390","France",""
"f26f7f4c-3079-428a-a850-500b006bc131","Puresurfcamps - Surfcamp Frankreich, Puresurfcamp Moliets","Moliets-et-Maa","40660","France",""
"a03923b9-bdff-4c11-a875-0bf886019b7b","Cirque de Gavarnie","Gavarnie","65120","France",""
"a506e4e5-cd50-44d4-90a4-aa7bb4ad0cf0","Surf School Saint Jean De Luz - Cours Et Stage De Surf","Saint-Jean-de-Luz","64500","Nouvelle-Aquitaine",""
"d82d591d-94d9-490c-add5-efef8adde2c4","Hendaiako Zentro Nautikoa - Itsasoko Haizea","Hendaye","64700","Nouvelle-Aquitaine",""
"d57c2b34-7a95-4ef0-a741-833ac5ee0493","Lacaze to nonsense","Salies-de-Béarn","64390","France",""
"0e146fc1-57da-4e4b-a6ee-6dc79b1296c8","Sonalom","Ploemeur","56270","France",""
"56d06df1-da44-4dc2-b980-699a885cd39f","Infornav","La Rochelle","17000","Nouvelle-Aquitaine",""
"fe81f0f1-0ca0-4366-b873-4653c1226312","Stade Nautique Maurice Thorez","Montreuil","93100","France",""
"479aa925-0e00-41f6-898c-8a82efb5a796","Société Nautique de Bayonne","Bayonne","64100","France",""
"3a78b6a2-961c-4546-b4c5-b5441dfe7547","Club Nautique Royannais","Royan","17200","Nouvelle-Aquitaine",""
"f1e5ed97-bf3e-47ff-a14d-fd3b574c24ba","Cannes Water World","Cannes","06400","PACA",""
"bd5f9798-99cc-418e-b569-9c0eddf51b10","Wind And Sea Association","Marseille","13008","PACA",""
"084de9ce-b4f3-4c31-9722-141facc98e8f","Boat School De La Mediterranee","Levant","83000","France",""
"2f6b839c-00f5-4eae-8f98-5f9fa0ddae10","Société Nautique de la Côte Vermeille","Port-Vendres","66660","France",""
"b0e430d3-9f80-4337-afea-4f8757499bbe","Freesailing","La Rochelle","17000","Nouvelle-Aquitaine",""
"0271dd98-dddd-49a1-bfcb-f049ed4835ae","Yacht Club Valeriquais","Montivilliers","76460","France",""
"7ef0cade-52f7-4a6e-8dcc-80b1bcea4a20","Centre de char à voile de La Faute-sur-Mer","Beauvoir-sur-Mer","85460","France",""
"0bd8a0d5-7d9d-41e2-afb0-a01a035b0763","Vélo-École De Montreuil","Montreuil","93100","France",""
"de845422-2c0a-449b-8411-1964e7042364","Institute Nautical Mediterranean Grau-Du-Roi","Grau-du-Roi","30240","France",""
"e66236e5-7a28-4157-9d09-64d0f8d351b6","Nautical Center De Port Blanc","Lannion","22710","France",""
"c42da7b8-92b1-472c-936e-9ba480e7364e","Cercle Nautique Etel","Plouhinec","56410","Bretagne",""
"823809c3-09fc-4319-a0c1-268ee09a60dc","Centre de Voile Roquebrune Cap Martin","Saint-Martin-de-Ré","06190","France",""
"23b07802-f5d5-460f-a0af-278a4a33b6e0","Wind Oléron Club","Oléron","17550","France",""
"05c3f7d4-ada2-40ea-86cb-93a826b451cd","Base de Plein Air Salagou","Montpellier","34800","Languedoc-Roussillon",""
"651c4533-81d4-4a4b-8eac-e55ee13faa7c","Cap Nord - école de Wingfoil et Kitesurf - Boulogne sur mer & Hardelot","Boulogne-sur-Mer","62200","Côte d'Opale",""
"94793e43-c523-4bf9-9517-2378b423ba8e","Base Nautique UCPA Florence Arthaud","Marseille","13008","PACA",""
"d9867410-cece-4e1c-91a8-f27b9d859aef","Croisières des îles","La Môle","83500","France",""
"6c30d7c8-a855-4b5d-b36a-d1ceaf1f1708","Club croisière Alidade Dunkerque","Dunkerque","59140","Côte d'Opale",""
"8f31f8da-fc9c-42d7-92fb-b2a5009f5307","Société Nautique du Grau-du-Roi Port Camargue SNGRPC","Grau-du-Roi","30240","France",""
"c6f81390-0198-406c-8058-c963269c1cb2","Eden Club Argelès-sur-Mer","Argelès-sur-Mer","66700","Languedoc-Roussillon",""
"3d4343a3-7807-4023-aa9f-a934af9847d2","Luz TyroLine","Gavarnie","65120","France",""
"76ff7ba5-b041-4776-9c83-3dbddf2d621f","Glisse Sensations Mers","Mers-les-Bains","80350","France",""
"298c76c4-33b5-4249-af1b-5bf600cb6a4c","Central Windsurf","Cerbère","66700","France",""
"0959e0fa-ab90-4954-9bef-78349e648deb","OCEAN","Ouistreham","14150","Normandie",""
"df7a3da7-ba3b-4af2-82c8-171eaf874e94","La Voile Plage","Londe-les-Maures","83250","France",""
"90d9f996-7d48-418b-abfe-3dceac047d3b","Center Nautique - French sailing school","Saint-Lô","34300","France",""
"c81822fc-07e5-4106-8b65-ac9cc6498830","Ucpa Port Camargue Ecole De Mer","Grau-du-Roi","30240","France",""
"36848c5f-7339-427c-a614-3300d00179f1","Sailing School Water Company De Saint-Tropez","Télégramme","83990","France",""
"f766c2c4-3a21-4993-a00c-d3f205a0e82c","Sailing School of Société Nautique de Narbonne","Narbonne","11100","France",""
"67b26b40-db6e-4f04-a34f-5883b432d819","Ecole de Voile de la Couarde","Île-de-Ré","17670","France",""
"f7a08d73-0e91-47d1-ac28-8fb6bf82ba25","Base Nautique de Sciez","Ancenis-Saint-Géréon","74140","France",""
"c325f0d6-c098-4432-acdc-d47cec7dc3df","Permis Bateau Port La Nouvelle","Port-la-Nouvelle","11210","Languedoc-Roussillon",""
"ea50a000-c39d-4bac-a295-d6dde39cdb0f","Carry Voile","Cauterets","13620","France",""
"5d386f9a-829c-448c-806a-cbfa31be97e1","Le Spot Nautique","Grau-du-Roi","30240","France",""
"6a80c83f-07d5-468e-bfcb-c895c344dc41","école de voile valras","Valras-Plage","34350","France",""
"02194241-f7e3-4a0e-8242-9ce7646b4bfc","Vachee Herve School Cruise Néréïdes","Vence","06700","France",""
"c50cb3ee-6980-4267-8fe9-b1b210a86909","Le Point Location - Yacht Club de Carnac","Carnac","56340","Bretagne",""
"e1e094f9-618f-476f-9e11-1be0b9b4b97b","Voiles de Nacre","Montivilliers","14830","France",""
"bf5aee19-25fb-4c1b-9c8a-973936aa5973","Cnpa - School Of Sailing And Swimming - Rivedoux Plage - Ile De Ré","Île-de-Ré","17940","France",""
"19eaa819-e626-4c9a-807e-b9e3f2d566c9","bouzigues-voile","Bessan","34140","France",""
"9b8e19eb-b08f-4ddf-8844-4b3c585404d6","Base Nautique et de Loisirs de Bédanne","Normandy","76410","France",""
"f931f6ea-27e7-4ff6-a32b-bba96fd061b2","Base de Char à voile Portbail","Saint-Lô","50580","France",""
"a3792a5a-1746-4cfc-8543-b3c7c2a62500","Nautical Club Perpignan Canet","Cauterets","66140","France",""
"bb035b98-80a0-4759-8ccd-70cd77c0f6f0","La Voile Bleue - Plage privée","Montpellier","34280","Languedoc-Roussillon",""
"f6235e66-9268-4ac7-be7c-463b846f7efb","Char à Voile - Ault Onival","Ault","80460","France",""
"dd3b9ee3-0d25-4e5d-b4d7-3aa638105b5b","Ocean Adventure : Course Surf St Jean De Luz","Saint-Jean-de-Luz","64500","Nouvelle-Aquitaine",""
"c6086498-86c3-4e33-a585-8710eac06b85","Centre Municipal de Voile et Stade Nautique Florence Arthaud","Marseille","13008","PACA",""
"d8ee4d7f-6ac5-4055-a7f9-1e111281343b","Mairie Annexe Arena-Vescovato","Vescovato","20215","France",""
"51f7287b-1c23-46a4-8dca-ce0bf1defbb8","Gliding Centre De La Crau","Salon-de-Provence","13300","France",""
"b0fe1768-c692-43a2-a076-cfa506618698","Atelier Lilokawa Entreprise d'Upcyling","Ancenis-Saint-Géréon","44150","France",""
"8a0879f9-1d06-4a0e-bc0a-8f1956134aab","Ferme Aquacole de L'Île Madame","Île-Madame","17730","France",""
"18dce2fb-6068-4d27-8e26-7a4a91987779","Piantarella Nautic","Îles-Lavezzi","20169","France",""
"88f3e160-6865-4ed7-bae9-e9f646411743","School Of Yachting - Sea And Meetings","Dunkerque","59240","Côte d'Opale",""
"8a21c08e-45e7-4824-b10e-2686dea24ebe","Club de Voile de Tergnier","Picardie","02700","France",""
"d5c1de95-6aec-42ed-8cfe-a19c09cae8ec","Base Nautique Municipale (La Seyne sur Mer)","Télégramme","83500","France",""
"a979a668-b307-4378-9a58-f1b0a68cc6d7","BREST NAUTIC, SARL NAUTIC GROUPE","Brest","29200","Bretagne",""
"66c4d8ba-028c-4b12-98f3-d2ce9d982b18","Les Glénans Base De Marseillan","Marseillan","34340","France",""
"15d81935-e8d9-4b9b-962c-6aba9163eb8e","Naviloc Permis Bateau Propriano","Propriano","20110","Corse",""
"0ae58b26-0852-4065-ba4d-eb250ba22a02","International Ski School","Cauterets","65110","France",""
"f64074c6-a18f-4971-ab72-eb7d2d1a2bec","Societe Nautique de Port de Bouc","Arles","13110","France",""
"a0bebb31-7377-4dd0-bb4d-956be8942f58","Oléron char à voile","Oléron","17370","France",""
"2d7d309a-45a8-4d9c-a467-22f833740c2c","Base Nautique du Bassin de la Marine - École de Voile Dunes de Flandre","Dunkerque","59140","Côte d'Opale",""
"fb846708-592d-4d8b-b15b-f0d6a7e01070","Résidence de Vacances & SPA Marina d'Arone","Plage de Arone","20115","France",""
"4c8f0bc7-cd06-477f-b48b-61835445c72f","Le Savoir Partagé","Salies-de-Béarn","64270","France",""
"03b35120-01ca-4866-8671-e2da0e562a33","Sport Nautique D'Amiens","Amiens","80000","France",""
"b8b9aec9-f70c-4af5-be3a-76aa58b349a3","Le Spot Nautique Quiberon","Quiberon","56170","Bretagne",""
"5075ccec-16e8-4915-b7ce-5bc8356b5436","Association Nautique Hautaise - Centre Nautique","Isigny-sur-Mer","50590","Normandie",""
"0c49577e-80d6-4f3c-9bb1-95a8979c3860","Hotel La Vague De Saint Paul Hotel And Restaurant","Vence","06570","France",""
"6c58235f-e388-4fdb-bb56-c708062ac43c","Voiles de Camaret","Camaret-sur-Mer","29570","Bretagne",""
"b96378a5-58e2-40b0-b0f6-e03ab25ef594","Marina Carentan","Carentan-les-Marais","50500","France",""
"a2050ce9-fbb7-4438-97ca-6a31507fa9d2","School French Sailing - Sailing Club - Yacht Club Mauguio-Carnon","Montpellier","34130","Languedoc-Roussillon",""
"20173c9e-afd6-46e5-8e9a-9a559575afc5","Port de Cervera de la Marenda","Cerbère","66290","France",""
"d2a1b77d-25be-440f-a2ca-36a4dafb636c","Piscine des Murs à Pêches","Montreuil","93100","France",""
"62052b93-a6ce-46bf-974e-1b5fc66030bd","O'spot","Agde","34300","Languedoc-Roussillon",""
"57e8b890-113a-4637-8294-0b88f4f19925","Jean Louis Lechêne","Cauterets","65110","France",""
"f1f242ad-9472-41b3-87ad-0fde84cd1273","Vendée toiles: Atelier de conception et fabrication de Voiles d'ombrage","Challans","85300","France",""
"b619cd74-0289-4538-ad4e-f857deb7f776","Tarbes Planeur","Tarbes","65310","France",""
"43a3663c-0da9-4609-adc3-8d6063c14ce1","Dynamite Wakepark","Arles","13104","France",""
"bd6523e9-1401-4bb5-9660-94ae130280f3","Center Nautique Manuréva of Balaruc-les-Bains","Balaruc-les-Bains","34540","France",""
"5bcd7cc1-b141-44c7-b5ea-fe12db3aaee0","Crèche Harfleur - People & Baby Les Voiles Et Tourmentin","Harfleur","76700","France",""
"25020fb2-cef8-4213-a661-89aba5671fc6","Clinique Vétérinaire EQUICANI27","Gaillon","27600","France",""
"e9f49994-a5e0-4944-ae07-cae7e6cee81c","SALON DU BATEAU LES NAUTIQUES DE PORT CAMARGUE","Grau-du-Roi","30240","France",""
"257fb194-e71e-4c53-b19f-373c8f7e863f","Carantec Nautisme","Morlaix","29660","Bretagne",""
"dc6f6c5f-66d7-47ad-84c6-78be0cf1c207","Alpana sea excursions","Golfe de Porto","20150","France",""
"1c29099c-d2b7-48c2-a13a-2aae6bbb2682","Veil Escapade","Port-la-Nouvelle","29940","Languedoc-Roussillon",""
"546112ef-d9d0-4ddb-98eb-45e67de4a3ec","Sailing League Occitan","Montpellier","34470","Languedoc-Roussillon",""
"41d19dd1-8b37-442f-b675-65379fbdde4f","Base nautique Beaucaire","Arles","30300","France",""
"abf60258-d552-4995-b87a-fa55e90f9a65","Véga Voiles","Grau-du-Roi","30240","France",""
"cd8aa96a-8c37-4dd5-9da7-e9cc55cc478b","Club Nautique de Merville-Franceville - Port","Normandy","14810","France",""
"a16bf812-8d9d-4a7b-b715-25dfe46fdb4a","Le Centre Nautique","Bonifacio","20169","Corse",""
"1143274c-464c-44be-8024-4605e93bc0b8","La Voile Sainte-Maxime","Sainte-Maxime","83120","PACA",""
"55752eb3-ccbe-40fe-90a2-2b0054e25361","Tennis Club de Jarnac","Jarnac","16200","France",""
"9e542fd6-b445-4fe9-9162-db0601a1b791","Nautical Club of Lancieux","Saint-Briac-sur-Mer","22770","France",""
"91cd88bb-e428-4c8e-bd28-b45cce495a63","SoniAir Paramoteur, Baie de Somme","Abbeville","80132","France",""
"97bdc121-ead1-4eb0-aede-681f98d6cd99","Antibes Nautic Sports","Juan-les-Pins","06600","PACA",""
"ae102fb5-f08e-4147-94db-e685d5188977","Les Régates","Le Havre","76600","Normandie",""
"91d0e71f-6066-428e-897c-10837fb7676a","Voile Rouge","Vence","06700","France",""
"8179ebfa-2c07-40bd-99d0-3ff5867f8879","Dauphins de la Section Paloise","Pau","64000","France",""
"10e7bd0d-7812-4886-9b38-b23718d03ca6","Cognac Yacht Rowing Club (CYRC)","Cognac","16100","France",""
"50d092d5-da39-4210-a8d2-650a4fcc12cd","Voile du sud","Bagatelle","83500","France",""
"32fef7ff-0275-4999-b86d-470d75f9c065","Nautical Center Fouesnant Cornouaille","Clohars-Fouesnant","29170","France",""
"ae4ce1e0-953c-41b8-a788-96f7c224b70b","Tourist office of the Béarn des gaves","Salies-de-Béarn","64270","France",""
"1f22f983-4645-4bcd-a28f-a238f1cc5fcb","La Voile Rouge","Solenzara","20240","Corse",""
"8ebfd43c-0dd8-499c-bad8-4fa0933e4b8e","Base Water And Outdoor Jean Binard","Gravelines","59820","France",""
"e5c67e2c-a59a-4bcd-9782-703004a98582","Boat School Balagne","Balagne","20260","France",""
"a3d1d1ab-81ae-4365-ba16-5039926cb5f0","CMPV Promenades en mer Propriano","Propriano","20110","Corse",""
"b101eb0e-ab1f-43c5-a1ea-a33beb05330e","Boat School Cap Port Camargue","Grau-du-Roi","30240","France",""